STATE,FL_INT,PRES_INT,PRES_EXT,PRES_PAC,FL_PAC,VALVE_INS,REF
1,14.42,9.74,-0.54,-0.6,14.42,19.67,10
1,13.87,9.76,-0.54,-0.6,13.87,18.53,10
1,12.76,9.78,-0.54,-0.57,12.76,17.78,10
2,12.17,9.82,-0.54,-0.57,-1.4149,17.32,10
2,11.36,9.84,-0.54,-0.55,-1.5563,17.32,10
2,9.48,9.6,-0.54,-0.52,-1.9335,17.32,10
2,7.71,9.36,-0.54,-0.56,-2.1591,17.32,10
2,5.63,9.35,-0.54,-0.57,-2.1183,17.32,10
2,4.12,9.31,-0.54,-0.58,-2.0898,17.32,10
4,3.05,9.31,-0.54,-0.6,-2.0698,17.32,10
4,2.63,8.07,-0.54,-0.61,-2.0965,0,5
4,2.01,7.38,-0.54,-0.63,-2.0745,0,5
4,1.58,6.81,-0.54,-0.62,-1.8482,0,5
4,1.28,6.42,-0.55,-0.64,-1.8179,0,5
4,1.06,6.07,-0.54,-0.62,-1.7119,0,5
4,0.94,5.77,-0.54,-0.63,-1.6804,0,5
4,0.85,5.54,-0.55,-0.62,-1.484,0,5
4,0.76,5.3,-0.54,-0.6,-1.563,0,5
4,0.71,5.13,-0.54,-0.6,-1.701,0,5
4,0.68,4.99,-0.54,-0.57,-1.7149,0,5
4,0.65,4.82,-0.54,-0.58,-1.3709,0,5
4,0.63,4.68,-0.54,-0.56,-0.9862,0,5
4,0.63,4.52,-0.54,-0.54,-1.0426,0,5
4,0.61,4.36,-0.54,-0.53,0.5949,0,5
4,0.61,4.21,-0.54,-0.49,3.0633,0,5
4,0.6,4.17,-0.54,-0.48,5.4777,0,5
4,0.59,4.22,-0.54,-0.47,5.2552,0,5
4,0.59,4.29,-0.54,-0.47,5.3146,0,5
4,0.58,4.43,-0.54,-0.49,3.6449,0,5
4,0.58,4.52,-0.54,-0.51,2.2437,0,5
4,0.58,4.62,-0.54,-0.54,1.2628,0,5
4,0.57,4.69,-0.54,-0.54,0.4446,0,5
4,0.57,4.76,-0.54,-0.56,0.0943,0,5
4,0.57,4.78,-0.54,-0.56,-0.416,0,5
4,0.56,4.82,-0.54,-0.56,-0.9388,0,5
4,0.55,4.84,-0.54,-0.57,-1.3449,0,5
4,0.55,4.83,-0.54,-0.57,-1.669,0,5
4,0.56,4.8,-0.54,-0.58,-1.8958,0,5
4,0.57,4.78,-0.54,-0.58,-1.7664,0,5
4,0.58,4.77,-0.54,-0.59,-1.964,0,5
4,0.59,4.76,-0.54,-0.58,-1.9406,0,5
4,0.6,4.76,-0.54,-0.58,-1.4338,0,5
4,0.6,4.76,-0.54,-0.58,-1.1269,0,5
4,0.59,4.76,-0.54,-0.58,-0.9121,0,5
4,0.6,4.78,-0.54,-0.59,-1.4826,0,5
4,0.59,4.79,-0.54,-0.58,-1.7653,0,5
4,0.6,4.8,-0.54,-0.6,-1.9633,0,5
4,0.6,4.78,-0.54,-0.58,-2.2184,0,5
4,0.6,4.76,-0.54,-0.58,-2.3585,0,5
4,0.59,4.76,-0.54,-0.59,-2.3388,0,5
4,0.6,4.74,-0.54,-0.59,-2.3646,0,5
4,0.59,4.73,-0.54,-0.6,-2.4609,0,5
4,0.59,4.74,-0.54,-0.59,-2.8963,0,5
4,0.6,4.76,-0.54,-0.6,-2.8331,0,5
4,0.6,4.76,-0.54,-0.59,-2.7888,0,5
4,0.6,4.77,-0.54,-0.6,-2.719,0,5
4,0.6,4.77,-0.54,-0.61,-2.6308,0,5
4,0.59,4.8,-0.54,-0.6,-2.1042,0,5
4,0.59,4.84,-0.54,-0.61,-1.7356,0,5
4,0.59,4.86,-0.54,-0.6,-1.6543,0,5
4,0.59,4.87,-0.54,-0.6,-1.6822,0,5
1,0.59,4.87,-0.54,-0.58,0.59,0,5
1,0.62,4.89,-0.54,-0.58,0.62,5,10
1,0.86,5.03,-0.54,-0.59,0.86,10,10
1,2.29,5.16,-0.54,-0.58,2.29,15,10
1,3.71,5.38,-0.54,-0.58,3.71,20,10
1,5.78,5.69,-0.54,-0.54,5.78,25,10
1,7.76,6.12,-0.54,-0.53,7.76,30,10
1,10.02,6.6,-0.54,-0.52,10.02,35,10
1,12.64,7.13,-0.54,-0.5,12.64,40,10
1,15.29,7.78,-0.54,-0.51,15.29,45,10
1,18.33,8.52,-0.54,-0.52,18.33,50,10
1,20.26,9.25,-0.54,-0.55,20.26,51.2,10
1,21.94,9.64,-0.54,-0.55,21.94,46.2,10
1,22.67,9.89,-0.54,-0.57,22.67,41.2,10
1,22.29,9.97,-0.54,-0.57,22.29,36.2,10
1,21.59,9.98,-0.54,-0.56,21.59,31.2,10
1,20.49,9.87,-0.54,-0.58,20.49,26.2,10
1,19,9.68,-0.54,-0.57,19,21.2,10
1,16.86,9.45,-0.54,-0.59,16.86,16.91,10
1,15.27,9.51,-0.54,-0.58,15.27,21.89,10
1,14.42,9.55,-0.54,-0.58,14.42,22.96,10
1,13.86,9.59,-0.54,-0.57,13.86,22.22,10
1,13.49,9.61,-0.54,-0.57,13.49,21.34,10
1,13.3,9.67,-0.54,-0.59,13.3,20.84,10
1,12.68,9.73,-0.54,-0.58,12.68,19.95,10
1,12.42,9.75,-0.54,-0.59,12.42,18.67,10
1,12.04,9.8,-0.54,-0.58,12.04,17.88,10
2,11.26,9.81,-0.54,-0.55,-2.1571,17.02,10
2,10.4,9.63,-0.54,-0.52,-2.1169,17.02,10
2,9.02,9.36,-0.54,-0.48,-2.0888,17.02,10
2,6.32,9.32,-0.54,-0.48,-1.9442,17.02,10
2,4.53,9.35,-0.54,-0.47,-1.8851,17.02,10
2,3.35,9.34,-0.54,-0.53,-2.0863,17.02,10
4,2.67,8.61,-0.54,-0.55,-2.2272,17.02,10
4,2.18,7.85,-0.54,-0.58,-1.9551,0,5
4,1.71,7.32,-0.54,-0.61,-1.9755,0,5
4,1.37,6.89,-0.54,-0.61,-1.9898,0,5
4,1.11,6.55,-0.54,-0.62,-2.1597,0,5
4,0.94,6.19,-0.54,-0.61,-2.4689,0,5
4,0.85,5.91,-0.54,-0.61,-2.416,0,5
4,0.76,5.68,-0.54,-0.6,-2.611,0,5
4,0.72,5.45,-0.54,-0.58,-2.8218,0,5
4,0.7,5.24,-0.54,-0.6,-2.7028,0,5
4,0.66,5.06,-0.54,-0.57,-2.1088,0,5
4,0.64,4.9,-0.54,-0.57,-1.9582,0,5
4,0.63,4.71,-0.54,-0.56,-1.8101,0,5
4,0.63,4.55,-0.54,-0.57,-1.6193,0,5
4,0.62,4.41,-0.54,-0.58,-1.3962,0,5
4,0.61,4.25,-0.54,-0.57,-1.1942,0,5
4,0.6,4.21,-0.54,-0.57,-0.711,0,5
4,0.59,4.26,-0.54,-0.56,-0.621,0,5
4,0.58,4.35,-0.54,-0.57,-0.3612,0,5
4,0.58,4.46,-0.54,-0.57,-0.4233,0,5
4,0.58,4.54,-0.54,-0.56,-0.2732,0,5
4,0.58,4.63,-0.54,-0.58,-0.5873,0,5
4,0.57,4.68,-0.54,-0.58,-0.7189,0,5
4,0.57,4.75,-0.54,-0.6,-0.6737,0,5
4,0.57,4.79,-0.54,-0.59,-1.0374,0,5
4,0.56,4.83,-0.54,-0.57,-1.1222,0,5
4,0.55,4.85,-0.54,-0.57,-1.2676,0,5
4,0.55,4.84,-0.55,-0.55,-1.1042,0,5
4,0.57,4.83,-0.55,-0.55,-1.169,0,5
4,0.57,4.82,-0.54,-0.55,-1.1261,0,5
4,0.58,4.83,-0.54,-0.56,-1.1843,0,5
4,0.58,4.84,-0.54,-0.56,-1.2251,0,5
4,0.58,4.83,-0.54,-0.56,-0.9809,0,5
4,0.59,4.83,-0.54,-0.58,-1.1686,0,5
4,0.58,4.83,-0.54,-0.57,-1.4657,0,5
4,0.58,4.82,-0.54,-0.58,-1.5918,0,5
4,0.59,4.83,-0.54,-0.57,-1.7619,0,5
4,0.59,4.84,-0.54,-0.6,-1.7153,0,5
4,0.59,4.84,-0.54,-0.61,-1.9283,0,5
4,0.59,4.85,-0.54,-0.61,-1.9567,0,5
4,0.59,4.86,-0.54,-0.62,-1.8091,0,5
4,0.59,4.86,-0.54,-0.63,-1.8322,0,5
4,0.59,4.86,-0.54,-0.64,-1.6348,0,5
4,0.59,4.86,-0.54,-0.61,-1.7102,0,5
4,0.59,4.87,-0.54,-0.6,-1.4598,0,5
4,0.59,4.86,-0.54,-0.58,-1.4612,0,5
4,0.59,4.87,-0.54,-0.58,-1.3751,0,5
4,0.59,4.85,-0.54,-0.58,-1.2253,0,5
4,0.59,4.83,-0.54,-0.57,-0.7842,0,5
4,0.59,4.82,-0.54,-0.58,-0.5259,0,5
4,0.59,4.81,-0.54,-0.57,-0.8923,0,5
1,0.59,4.78,-0.54,-0.58,0.59,0,5
1,0.62,4.84,-0.54,-0.6,0.62,5,10
1,0.85,5.01,-0.54,-0.59,0.85,10,10
1,2.29,5.16,-0.54,-0.6,2.29,15,10
1,3.71,5.39,-0.54,-0.58,3.71,20,10
1,5.69,5.7,-0.54,-0.58,5.69,25,10
1,8.08,6.13,-0.54,-0.57,8.08,30,10
1,10.59,6.59,-0.54,-0.56,10.59,35,10
1,13.25,7.12,-0.54,-0.55,13.25,40,10
1,15.81,7.76,-0.54,-0.53,15.81,45,10
1,19.05,8.49,-0.54,-0.52,19.05,50,10
1,21.4,9.23,-0.54,-0.51,21.4,51.85,10
1,22.79,9.77,-0.54,-0.51,22.79,46.85,10
1,22.79,10.03,-0.54,-0.54,22.79,41.85,10
1,22.53,10.05,-0.54,-0.56,22.53,36.85,10
1,21.75,10.03,-0.54,-0.59,21.75,31.85,10
1,20.92,9.93,-0.54,-0.58,20.92,26.85,10
1,19.34,9.76,-0.54,-0.56,19.34,21.85,10
1,17.54,9.5,-0.54,-0.58,17.54,16.85,10
1,15.97,9.49,-0.54,-0.58,15.97,20.54,10
1,14.96,9.54,-0.54,-0.59,14.96,22.78,10
1,14.55,9.61,-0.54,-0.59,14.55,22.42,10
1,13.95,9.62,-0.54,-0.61,13.95,21.1,10
1,13.87,9.66,-0.54,-0.61,13.87,20.53,10
1,12.98,9.73,-0.54,-0.61,12.98,19.86,10
1,12.23,9.78,-0.54,-0.59,12.23,18.5,10
1,12.11,9.81,-0.54,-0.59,12.11,17.37,10
2,11.04,9.83,-0.54,-0.6,1.8633,16.57,10
2,10.52,9.82,-0.54,-0.59,0.7801,16.57,10
2,8.87,9.57,-0.54,-0.6,-0.0609,16.57,10
2,6.21,9.45,-0.54,-0.59,-0.7304,16.57,10
2,4.44,9.45,-0.54,-0.59,-0.6817,16.57,10
2,3.31,9.42,-0.54,-0.6,-0.785,16.57,10
4,2.48,9.35,-0.54,-0.6,-0.9455,16.57,10
4,2.2,8.25,-0.54,-0.62,-1.3894,0,5
4,1.74,7.59,-0.54,-0.59,-1.7783,0,5
4,1.4,7.03,-0.54,-0.58,-2.0505,0,5
4,1.14,6.68,-0.54,-0.58,-2.3552,0,5
4,0.96,6.34,-0.54,-0.56,-2.1728,0,5
4,0.86,6.04,-0.54,-0.56,-1.917,0,5
4,0.78,5.77,-0.54,-0.55,-1.738,0,5
4,0.71,5.52,-0.54,-0.56,-1.4335,0,5
4,0.68,5.34,-0.55,-0.56,-1.3557,0,5
4,0.65,5.14,-0.54,-0.57,-1.9061,0,5
4,0.63,4.98,-0.54,-0.56,-2.1784,0,5
4,0.61,4.78,-0.55,-0.56,-2.2916,0,5
4,0.61,4.57,-0.54,-0.57,-2.4863,0,5
4,0.61,4.39,-0.54,-0.57,-2.6225,0,5
4,0.61,4.23,-0.54,-0.59,-2.5236,0,5
4,0.61,4.18,-0.54,-0.59,-2.4141,0,5
4,0.61,4.25,-0.54,-0.6,-2.534,0,5
4,0.6,4.34,-0.54,-0.58,-2.3807,0,5
4,0.59,4.47,-0.54,-0.54,-2.394,0,5
4,0.59,4.54,-0.54,-0.54,-2.3636,0,5
4,0.58,4.63,-0.54,-0.52,-2.4213,0,5
4,0.57,4.68,-0.54,-0.52,-2.4224,0,5
4,0.57,4.77,-0.54,-0.51,-2.1777,0,5
4,0.57,4.83,-0.54,-0.52,-2.0064,0,5
4,0.56,4.88,-0.54,-0.53,-1.8865,0,5
4,0.55,4.93,-0.54,-0.53,-1.8448,0,5
4,0.56,4.91,-0.54,-0.55,-1.6436,0,5
4,0.57,4.9,-0.54,-0.54,-1.7163,0,5
4,0.57,4.9,-0.54,-0.57,-1.6835,0,5
4,0.58,4.88,-0.54,-0.58,-1.7026,0,5
4,0.58,4.88,-0.54,-0.57,-0.7935,0,5
4,0.58,4.89,-0.54,-0.57,0.2181,0,5
4,0.59,4.89,-0.54,-0.56,0.7941,0,5
4,0.59,4.89,-0.54,-0.57,1.134,0,5
4,0.59,4.9,-0.54,-0.54,1.0792,0,5
4,0.59,4.88,-0.54,-0.54,1.3968,0,5
4,0.59,4.87,-0.54,-0.52,0.7151,0,5
4,0.59,4.88,-0.55,-0.51,-0.147,0,5
4,0.59,4.88,-0.54,-0.51,-0.7099,0,5
4,0.59,4.87,-0.54,-0.52,-1.0627,0,5
4,0.59,4.87,-0.54,-0.55,-1.2681,0,5
4,0.59,4.87,-0.54,-0.54,-1.7698,0,5
4,0.59,4.85,-0.54,-0.55,-2.2695,0,5
4,0.59,4.85,-0.54,-0.55,-2.6193,0,5
4,0.59,4.87,-0.54,-0.53,-2.7906,0,5
4,0.6,4.87,-0.54,-0.52,-3.1271,0,5
4,0.6,4.88,-0.54,-0.51,-2.4967,0,5
4,0.6,4.9,-0.54,-0.53,-2.2297,0,5
4,0.6,4.89,-0.54,-0.53,-1.7777,0,5
4,0.59,4.9,-0.54,-0.53,-1.5071,0,5
4,0.59,4.9,-0.54,-0.55,-1.5791,0,5
1,0.6,4.88,-0.54,-0.55,0.6,0,5
1,0.62,4.86,-0.54,-0.57,0.62,5,10
1,0.86,5.03,-0.54,-0.57,0.86,10,10
1,2.29,5.17,-0.54,-0.57,2.29,15,10
1,3.72,5.39,-0.54,-0.57,3.72,20,10
1,5.85,5.68,-0.54,-0.56,5.85,25,10
1,7.93,6.14,-0.54,-0.55,7.93,30,10
1,10.38,6.61,-0.54,-0.54,10.38,35,10
1,12.91,7.15,-0.54,-0.57,12.91,40,10
1,15.7,7.83,-0.54,-0.57,15.7,45,10
1,18.4,8.56,-0.54,-0.57,18.4,50,10
1,20.65,9.19,-0.54,-0.56,20.65,50.29,10
1,22.28,9.56,-0.55,-0.55,22.28,45.29,10
1,22.52,9.78,-0.55,-0.55,22.52,40.29,10
1,22.19,9.81,-0.54,-0.52,22.19,35.29,10
1,21.13,9.82,-0.54,-0.52,21.13,30.29,10
1,19.86,9.74,-0.54,-0.51,19.86,25.29,10
1,18.47,9.53,-0.54,-0.5,18.47,20.29,10
1,17.06,9.49,-0.54,-0.51,17.06,20.43,10
1,16,9.54,-0.54,-0.5,16,22.76,10
1,15.27,9.57,-0.54,-0.53,15.27,22.58,10
1,14.82,9.65,-0.54,-0.55,14.82,21.8,10
1,14.54,9.68,-0.54,-0.58,14.54,20.48,10
1,13.6,9.71,-0.55,-0.58,13.6,19.46,10
1,13.26,9.76,-0.55,-0.59,13.26,18.78,10
1,12.54,9.78,-0.55,-0.61,12.54,17.85,10
1,12.22,9.85,-0.55,-0.59,12.22,17.29,10
2,11.69,9.9,-0.55,-0.62,-1.681,17.29,10
2,10.54,9.65,-0.55,-0.6,-2.3151,17.29,10
2,8.69,9.45,-0.55,-0.6,-2.5404,17.29,10
2,6.19,9.41,-0.55,-0.6,-2.8089,17.29,10
2,4.49,9.4,-0.55,-0.59,-2.8484,17.29,10
4,3.31,9.38,-0.54,-0.59,-2.951,17.29,10
4,2.79,8.16,-0.54,-0.58,-2.6315,0,5
4,2.12,7.47,-0.54,-0.59,-2.1943,0,5
4,1.66,6.87,-0.54,-0.57,-2.0181,0,5
4,1.34,6.48,-0.54,-0.57,-1.852,0,5
4,1.09,6.11,-0.54,-0.52,-1.9033,0,5
4,0.95,5.81,-0.54,-0.49,-1.8982,0,5
4,0.85,5.61,-0.54,-0.5,-1.9357,0,5
4,0.77,5.37,-0.54,-0.47,-1.8791,0,5
4,0.72,5.17,-0.54,-0.47,-1.7974,0,5
4,0.7,4.97,-0.54,-0.5,-1.7824,0,5
4,0.67,4.82,-0.54,-0.54,-1.5103,0,5
4,0.65,4.68,-0.54,-0.57,-1.3199,0,5
4,0.64,4.54,-0.54,-0.57,-0.9505,0,5
4,0.64,4.39,-0.54,-0.59,-0.928,0,5
4,0.64,4.24,-0.54,-0.57,-0.6762,0,5
4,0.62,4.15,-0.55,-0.6,-0.4999,0,5
4,0.61,4.21,-0.54,-0.62,-1.0775,0,5
4,0.61,4.27,-0.54,-0.62,-1.521,0,5
4,0.59,4.38,-0.54,-0.62,-1.7525,0,5
4,0.6,4.46,-0.55,-0.62,-1.6661,0,5
4,0.59,4.55,-0.54,-0.61,-1.6483,0,5
4,0.58,4.65,-0.54,-0.59,-1.5932,0,5
4,0.57,4.75,-0.54,-0.6,-1.5973,0,5
4,0.57,4.82,-0.54,-0.59,-1.5574,0,5
4,0.57,4.89,-0.54,-0.58,-1.5722,0,5
4,0.56,4.94,-0.54,-0.52,-1.8281,0,5
4,0.56,4.92,-0.54,-0.45,-1.5423,0,5
4,0.57,4.91,-0.54,-0.42,-1.2965,0,5
4,0.57,4.91,-0.54,-0.39,-1.1702,0,5
4,0.58,4.9,-0.54,-0.37,-0.7961,0,5
4,0.58,4.88,-0.54,-0.36,-0.82,0,5
4,0.59,4.87,-0.54,-0.42,-0.5005,0,5
4,0.59,4.87,-0.54,-0.46,-1.0778,0,5
4,0.59,4.87,-0.54,-0.49,-1.482,0,5
4,0.6,4.86,-0.54,-0.53,-2.1402,0,5
4,0.6,4.87,-0.54,-0.54,-2.5288,0,5
4,0.6,4.88,-0.54,-0.56,-2.69,0,5
4,0.6,4.92,-0.54,-0.55,-2.7651,0,5
4,0.6,4.95,-0.54,-0.55,-2.8177,0,5
4,0.6,4.96,-0.54,-0.56,-2.8546,0,5
4,0.59,4.99,-0.54,-0.55,-2.765,0,5
4,0.59,4.99,-0.54,-0.55,-2.7412,0,5
4,0.59,5.01,-0.54,-0.59,-2.5664,0,5
4,0.59,4.96,-0.54,-0.61,-2.4441,0,5
4,0.59,4.92,-0.54,-0.63,-2.1069,0,5
4,0.59,4.9,-0.54,-0.64,-1.9569,0,5
4,0.59,4.88,-0.54,-0.64,-1.7221,0,5
4,0.58,4.85,-0.54,-0.62,-1.4681,0,5
4,0.58,4.85,-0.54,-0.62,-0.7968,0,5
4,0.58,4.83,-0.54,-0.61,-0.1011,0,5
4,0.58,4.81,-0.54,-0.6,0.0542,0,5
1,0.58,4.8,-0.54,-0.59,0.58,0,5
1,0.61,4.8,-0.54,-0.58,0.61,5,10
1,0.86,4.94,-0.54,-0.6,0.86,10,10
1,2.29,5.1,-0.54,-0.59,2.29,15,10
1,3.71,5.35,-0.54,-0.58,3.71,20,10
1,5.81,5.7,-0.54,-0.55,5.81,25,10
1,8.44,6.19,-0.54,-0.55,8.44,30,10
1,11.23,6.67,-0.54,-0.55,11.23,35,10
1,13.28,7.24,-0.54,-0.55,13.28,40,10
1,15.9,7.87,-0.54,-0.57,15.9,45,10
1,18.79,8.59,-0.54,-0.57,18.79,50,10
1,21.28,9.24,-0.54,-0.58,21.28,49.38,10
1,22.54,9.62,-0.54,-0.57,22.54,44.38,10
1,22.68,9.84,-0.54,-0.57,22.68,39.38,10
1,22,9.89,-0.54,-0.57,22,34.38,10
1,21.2,9.89,-0.54,-0.55,21.2,29.38,10
1,19.84,9.73,-0.54,-0.57,19.84,24.38,10
1,17.76,9.55,-0.54,-0.56,17.76,19.38,10
1,15.74,9.5,-0.54,-0.57,15.74,20.01,10
1,14.93,9.56,-0.54,-0.58,14.93,22.27,10
1,14.46,9.56,-0.54,-0.58,14.46,22.06,10
1,14.16,9.62,-0.54,-0.59,14.16,21.77,10
1,13.66,9.65,-0.54,-0.58,13.66,20.87,10
1,12.73,9.69,-0.54,-0.6,12.73,20.09,10
1,12.25,9.75,-0.54,-0.59,12.25,19.33,10
1,11.75,9.77,-0.54,-0.59,11.75,18.24,10
1,11.5,9.79,-0.54,-0.6,11.5,17.55,10
2,10.69,9.82,-0.54,-0.58,-1.6064,17.05,10
2,9.59,9.67,-0.54,-0.58,-1.4768,17.05,10
2,8.76,9.42,-0.54,-0.58,-1.9536,17.05,10
2,6.15,9.31,-0.54,-0.59,-2.1732,17.05,10
2,4.42,9.33,-0.54,-0.58,-2.5881,17.05,10
2,3.28,9.31,-0.54,-0.58,-2.8058,17.05,10
4,2.58,8.69,-0.54,-0.59,-3.0309,17.05,10
4,2.11,7.91,-0.54,-0.6,-2.6458,0,5
4,1.67,7.27,-0.54,-0.61,-2.3762,0,5
4,1.35,6.82,-0.54,-0.61,-2.469,0,5
4,1.11,6.46,-0.54,-0.62,-2.2942,0,5
4,0.95,6.12,-0.54,-0.61,-2.1717,0,5
4,0.85,5.81,-0.54,-0.6,-1.5468,0,5
4,0.77,5.55,-0.54,-0.6,-0.9054,0,5
4,0.73,5.31,-0.54,-0.59,-0.5088,0,5
4,0.69,5.14,-0.54,-0.6,-0.4315,0,5
4,0.66,4.98,-0.54,-0.59,-0.1247,0,5
4,0.64,4.81,-0.54,-0.59,-0.0137,0,5
4,0.63,4.65,-0.54,-0.56,-0.8153,0,5
4,0.63,4.5,-0.54,-0.55,-1.4148,0,5
4,0.63,4.33,-0.54,-0.55,-1.638,0,5
4,0.62,4.15,-0.54,-0.53,-1.8344,0,5
4,0.6,4.11,-0.54,-0.53,-2.2039,0,5
4,0.6,4.17,-0.54,-0.51,-1.8505,0,5
4,0.6,4.25,-0.54,-0.51,-1.1704,0,5
4,0.59,4.37,-0.55,-0.51,-0.6943,0,5
4,0.59,4.46,-0.54,-0.51,-0.7487,0,5
4,0.58,4.58,-0.54,-0.51,-0.8318,0,5
4,0.57,4.68,-0.54,-0.5,-1.0216,0,5
4,0.57,4.75,-0.54,-0.52,-1.281,0,5
4,0.57,4.81,-0.54,-0.53,-1.5036,0,5
4,0.56,4.82,-0.54,-0.54,-1.7002,0,5
4,0.55,4.83,-0.54,-0.54,-1.7143,0,5
4,0.56,4.8,-0.54,-0.53,-1.7242,0,5
4,0.57,4.77,-0.54,-0.55,-1.5592,0,5
4,0.57,4.76,-0.54,-0.54,-1.5308,0,5
4,0.57,4.75,-0.54,-0.56,-1.2884,0,5
4,0.57,4.77,-0.54,-0.55,-1.1646,0,5
4,0.59,4.76,-0.54,-0.55,-0.9857,0,5
4,0.59,4.76,-0.54,-0.56,-1.1293,0,5
4,0.59,4.76,-0.54,-0.56,-1.518,0,5
4,0.59,4.76,-0.54,-0.58,-1.502,0,5
4,0.59,4.8,-0.55,-0.58,-1.4475,0,5
4,0.59,4.82,-0.54,-0.58,-1.6202,0,5
4,0.59,4.84,-0.54,-0.58,-1.6161,0,5
4,0.59,4.86,-0.54,-0.58,-1.6133,0,5
4,0.59,4.87,-0.54,-0.56,-1.5254,0,5
4,0.59,4.87,-0.54,-0.55,-1.7953,0,5
4,0.59,4.87,-0.54,-0.56,-2.1389,0,5
4,0.59,4.86,-0.54,-0.55,-2.264,0,5
4,0.59,4.85,-0.54,-0.55,-2.3123,0,5
4,0.59,4.86,-0.54,-0.56,-2.4243,0,5
4,0.59,4.86,-0.54,-0.57,-2.6541,0,5
4,0.59,4.83,-0.54,-0.59,-2.5055,0,5
4,0.59,4.81,-0.54,-0.58,-2.278,0,5
4,0.59,4.81,-0.54,-0.6,-0.3603,0,5
4,0.59,4.81,-0.54,-0.57,0.6626,0,5
4,0.59,4.81,-0.54,-0.57,1.6981,0,5
1,0.61,4.8,-0.55,-0.56,0.61,0,5
1,0.61,4.82,-0.54,-0.54,0.61,5,10
1,0.86,4.95,-0.54,-0.54,0.86,10,10
1,2.3,5.09,-0.54,-0.53,2.3,15,10
1,3.72,5.28,-0.54,-0.55,3.72,20,10
1,5.73,5.61,-0.54,-0.55,5.73,25,10
1,7.81,6.05,-0.54,-0.57,7.81,30,10
1,10.43,6.53,-0.54,-0.57,10.43,35,10
1,12.83,7.09,-0.54,-0.57,12.83,40,10
1,15.03,7.76,-0.54,-0.58,15.03,45,10
1,17.94,8.44,-0.54,-0.55,17.94,50,10
1,20.83,9.24,-0.54,-0.55,20.83,52.82,10
1,22.25,9.74,-0.54,-0.52,22.25,47.82,10
1,23.09,9.97,-0.54,-0.52,23.09,42.82,10
1,22.92,10.1,-0.55,-0.52,22.92,37.82,10
1,22.3,10.08,-0.55,-0.5,22.3,32.82,10
1,21.39,10,-0.54,-0.52,21.39,27.82,10
1,19.75,9.83,-0.54,-0.51,19.75,22.82,10
1,17.76,9.64,-0.54,-0.52,17.76,17.82,10
1,16.13,9.6,-0.55,-0.51,16.13,17.86,10
1,14.58,9.61,-0.55,-0.53,14.58,20.04,10
1,13.89,9.68,-0.55,-0.56,13.89,20.37,10
1,13.43,9.7,-0.55,-0.56,13.43,19.35,10
1,12.96,9.67,-0.55,-0.57,12.96,18.76,10
1,12.67,9.71,-0.54,-0.57,12.67,19.12,10
1,11.53,9.72,-0.54,-0.57,11.53,18.72,10
2,10.95,9.76,-0.54,-0.58,-0.2987,18.3,10
2,10.3,9.72,-0.54,-0.57,-0.0317,18.3,10
2,9.93,9.48,-0.54,-0.56,-0.2391,18.3,10
2,7.02,9.31,-0.54,-0.56,-0.5634,18.3,10
2,5,9.32,-0.54,-0.56,-0.6113,18.3,10
2,3.7,9.28,-0.54,-0.56,-0.9521,18.3,10
4,2.75,9.28,-0.54,-0.58,-0.7897,18.3,10
4,2.38,8.11,-0.54,-0.58,-1.0349,0,5
4,1.87,7.45,-0.54,-0.57,-1.0766,0,5
4,1.48,6.96,-0.54,-0.6,-1.2357,0,5
4,1.22,6.61,-0.54,-0.6,-1.3891,0,5
4,1.02,6.27,-0.54,-0.61,-1.4966,0,5
4,0.91,5.97,-0.54,-0.61,-1.3554,0,5
4,0.81,5.72,-0.54,-0.62,-1.3448,0,5
4,0.74,5.49,-0.54,-0.63,1.1221,0,5
4,0.71,5.29,-0.54,-0.59,2.4214,0,5
4,0.68,5.11,-0.54,-0.59,3.3309,0,5
4,0.64,4.9,-0.54,-0.57,3.6564,0,5
4,0.63,4.74,-0.54,-0.55,3.8842,0,5
4,0.61,4.54,-0.54,-0.55,2.0713,0,5
4,0.61,4.36,-0.54,-0.53,0.7622,0,5
4,0.61,4.18,-0.54,-0.58,-0.1542,0,5
4,0.6,4.17,-0.54,-0.61,-0.7957,0,5
4,0.6,4.22,-0.54,-0.68,-1.2845,0,5
4,0.59,4.31,-0.54,-0.68,-1.819,0,5
4,0.58,4.44,-0.54,-0.69,-1.9209,0,5
4,0.59,4.5,-0.54,-0.64,-2.3018,0,5
4,0.58,4.61,-0.54,-0.61,-2.4934,0,5
4,0.58,4.67,-0.54,-0.57,-2.4729,0,5
4,0.58,4.73,-0.54,-0.56,-2.5751,0,5
4,0.57,4.8,-0.54,-0.55,-2.4502,0,5
4,0.56,4.86,-0.55,-0.54,-2.4427,0,5
4,0.55,4.91,-0.54,-0.56,-2.3575,0,5
4,0.56,4.9,-0.55,-0.58,-2.1323,0,5
4,0.57,4.9,-0.54,-0.57,-2.0995,0,5
4,0.57,4.88,-0.55,-0.59,-2.0766,0,5
4,0.58,4.86,-0.54,-0.58,-2.1414,0,5
4,0.59,4.84,-0.54,-0.56,-1.7617,0,5
4,0.59,4.82,-0.54,-0.56,-1.8808,0,5
4,0.59,4.83,-0.54,-0.54,-1.6243,0,5
4,0.59,4.81,-0.54,-0.55,-1.7028,0,5
4,0.59,4.78,-0.54,-0.53,-1.7162,0,5
4,0.59,4.76,-0.54,-0.5,-1.7671,0,5
4,0.59,4.75,-0.54,-0.49,-1.9645,0,5
4,0.59,4.74,-0.54,-0.47,-2.0629,0,5
4,0.59,4.73,-0.54,-0.49,-2.1716,0,5
4,0.59,4.76,-0.54,-0.49,-2.2476,0,5
4,0.59,4.78,-0.54,-0.48,-2.4174,0,5
4,0.59,4.79,-0.54,-0.49,-2.4979,0,5
4,0.59,4.81,-0.54,-0.5,-2.5926,0,5
4,0.59,4.8,-0.54,-0.51,-2.4625,0,5
4,0.59,4.81,-0.54,-0.51,-2.076,0,5
4,0.59,4.81,-0.54,-0.52,-1.8925,0,5
4,0.59,4.82,-0.54,-0.53,-1.8068,0,5
4,0.59,4.84,-0.54,-0.54,-1.7468,0,5
4,0.59,4.84,-0.54,-0.53,-1.7048,0,5
4,0.59,4.82,-0.54,-0.53,-1.3166,0,5
4,0.59,4.85,-0.54,-0.53,-0.8481,0,5
1,0.59,4.87,-0.54,-0.52,0.59,0,5
1,0.62,4.9,-0.54,-0.51,0.62,5,10
1,0.86,5.05,-0.54,-0.5,0.86,10,10
1,2.29,5.19,-0.54,-0.5,2.29,15,10
1,3.71,5.41,-0.54,-0.5,3.71,20,10
1,5.74,5.67,-0.54,-0.5,5.74,25,10
1,8.28,6.07,-0.54,-0.42,8.28,30,10
1,10.87,6.54,-0.54,-0.37,10.87,35,10
1,13.08,7.08,-0.55,-0.31,13.08,40,10
1,15.6,7.71,-0.54,-0.28,15.6,45,10
1,18.37,8.48,-0.54,-0.28,18.37,50,10
1,20.9,9.3,-0.54,-0.25,20.9,52.38,10
1,23.06,9.76,-0.54,-0.35,23.06,47.38,10
1,23.42,10.1,-0.54,-0.42,23.42,42.38,10
1,23,10.18,-0.54,-0.46,23,37.38,10
1,22.44,10.18,-0.54,-0.49,22.44,32.38,10
1,21.1,10.03,-0.54,-0.51,21.1,27.38,10
1,19.57,9.84,-0.54,-0.53,19.57,22.38,10
1,17.77,9.58,-0.54,-0.54,17.77,17.38,10
1,16.06,9.49,-0.54,-0.54,16.06,18.37,10
1,14.76,9.57,-0.54,-0.56,14.76,21.96,10
1,14.59,9.65,-0.54,-0.54,14.59,21.73,10
1,14.3,9.68,-0.54,-0.55,14.3,20.03,10
1,13.92,9.74,-0.54,-0.54,13.92,19.06,10
1,13.06,9.78,-0.54,-0.54,13.06,18,10
1,12.37,9.82,-0.54,-0.54,12.37,16.97,10
1,11.25,9.84,-0.54,-0.53,11.25,16.05,10
2,10.27,9.8,-0.54,-0.54,-0.7277,15.49,10
2,9.23,9.57,-0.54,-0.5,-0.7721,15.49,10
2,7.73,9.34,-0.54,-0.51,-0.9365,15.49,10
2,5.45,9.3,-0.54,-0.5,-0.9182,15.49,10
2,3.96,9.29,-0.54,-0.5,-0.9505,15.49,10
4,2.95,9.28,-0.54,-0.5,-1.0176,15.49,10
4,2.54,8.09,-0.54,-0.55,-0.9292,0,5
4,1.97,7.42,-0.54,-0.61,-0.7737,0,5
4,1.56,6.89,-0.54,-0.62,-0.3107,0,5
4,1.26,6.56,-0.54,-0.64,-0.6569,0,5
4,1.04,6.21,-0.54,-0.65,-1.0668,0,5
4,0.92,5.88,-0.54,-0.65,-1.0545,0,5
4,0.83,5.67,-0.54,-0.64,-1.0904,0,5
4,0.77,5.42,-0.54,-0.61,-0.9337,0,5
4,0.72,5.23,-0.54,-0.59,-1.3811,0,5
4,0.66,5.08,-0.54,-0.59,-1.491,0,5
4,0.65,4.88,-0.54,-0.59,-1.3959,0,5
4,0.64,4.71,-0.54,-0.58,-1.543,0,5
4,0.62,4.55,-0.54,-0.58,-1.8469,0,5
4,0.62,4.38,-0.54,-0.6,-1.8586,0,5
4,0.62,4.21,-0.54,-0.58,-1.9888,0,5
4,0.59,4.19,-0.54,-0.58,-2.2363,0,5
4,0.58,4.27,-0.54,-0.58,-2.5225,0,5
4,0.57,4.36,-0.54,-0.55,-2.6099,0,5
4,0.57,4.47,-0.54,-0.54,-2.5147,0,5
4,0.58,4.56,-0.54,-0.51,-2.2844,0,5
4,0.58,4.66,-0.54,-0.5,-2.2467,0,5
4,0.57,4.73,-0.54,-0.5,-2.1385,0,5
4,0.57,4.79,-0.54,-0.52,-1.9363,0,5
4,0.56,4.85,-0.54,-0.54,-1.6181,0,5
4,0.56,4.9,-0.54,-0.54,-1.9768,0,5
4,0.56,4.93,-0.54,-0.56,-2.1113,0,5
4,0.56,4.91,-0.54,-0.56,-2.322,0,5
4,0.57,4.86,-0.55,-0.59,-2.3132,0,5
4,0.57,4.84,-0.55,-0.61,-2.307,0,5
4,0.58,4.83,-0.54,-0.64,-2.497,0,5
4,0.58,4.81,-0.54,-0.65,-2.6678,0,5
4,0.59,4.79,-0.54,-0.66,-2.8981,0,5
4,0.59,4.79,-0.54,-0.68,-2.7164,0,5
4,0.59,4.81,-0.55,-0.65,-3.0399,0,5
4,0.59,4.81,-0.54,-0.64,-3.0478,0,5
4,0.59,4.81,-0.54,-0.63,-2.8609,0,5
4,0.59,4.82,-0.54,-0.62,-2.6096,0,5
4,0.59,4.84,-0.54,-0.63,-2.4743,0,5
4,0.59,4.83,-0.54,-0.59,-2.5761,0,5
4,0.59,4.83,-0.54,-0.6,-2.5308,0,5
4,0.59,4.82,-0.54,-0.58,-1.942,0,5
4,0.59,4.81,-0.54,-0.58,-1.7117,0,5
4,0.59,4.81,-0.54,-0.57,-1.6802,0,5
4,0.58,4.81,-0.54,-0.57,-1.2514,0,5
4,0.58,4.8,-0.54,-0.58,-0.9026,0,5
4,0.59,4.81,-0.54,-0.57,-1.3593,0,5
4,0.59,4.82,-0.54,-0.59,-1.7183,0,5
4,0.59,4.83,-0.54,-0.59,-2.085,0,5
4,0.6,4.83,-0.54,-0.59,-1.9415,0,5
4,0.59,4.85,-0.54,-0.59,-2.0866,0,5
4,0.59,4.87,-0.54,-0.58,-2.2663,0,5
1,0.59,4.87,-0.55,-0.6,0.59,0,5
1,0.62,4.86,-0.54,-0.59,0.62,5,10
1,0.86,5.02,-0.54,-0.6,0.86,10,10
1,2.29,5.16,-0.54,-0.6,2.29,15,10
1,3.71,5.37,-0.54,-0.58,3.71,20,10
1,5.68,5.68,-0.54,-0.58,5.68,25,10
1,7.92,6.13,-0.54,-0.57,7.92,30,10
1,10.48,6.6,-0.54,-0.57,10.48,35,10
1,12.69,7.17,-0.54,-0.56,12.69,40,10
1,15.63,7.83,-0.54,-0.57,15.63,45,10
1,18.6,8.57,-0.54,-0.59,18.6,50,10
1,20.62,9.19,-0.55,-0.58,20.62,50.05,10
1,22,9.69,-0.55,-0.59,22,45.05,10
1,22.31,9.84,-0.55,-0.58,22.31,40.05,10
1,22.16,9.94,-0.54,-0.6,22.16,35.05,10
1,21.66,9.91,-0.54,-0.58,21.66,30.05,10
1,20.21,9.74,-0.54,-0.56,20.21,25.05,10
1,18.42,9.53,-0.54,-0.57,18.42,20.05,10
1,16.77,9.45,-0.54,-0.56,16.77,20.25,10
1,15.68,9.54,-0.54,-0.57,15.68,23.25,10
1,15.06,9.53,-0.54,-0.57,15.06,22.71,10
1,14.2,9.58,-0.54,-0.57,14.2,22.4,10
1,14.23,9.6,-0.54,-0.57,14.23,21.75,10
1,13.86,9.64,-0.54,-0.57,13.86,21.14,10
1,13.55,9.72,-0.54,-0.57,13.55,20.54,10
1,13.12,9.76,-0.54,-0.56,13.12,19.13,10
1,12.79,9.83,-0.54,-0.58,12.79,18.01,10
2,12.29,9.86,-0.54,-0.57,-0.8304,16.65,10
2,11.15,9.78,-0.54,-0.58,-0.9335,16.65,10
2,9.54,9.5,-0.54,-0.58,-1.3413,16.65,10
2,6.68,9.42,-0.54,-0.57,-1.5047,16.65,10
2,4.74,9.41,-0.54,-0.58,-1.5775,16.65,10
2,3.52,9.36,-0.54,-0.57,-2.207,16.65,10
4,2.73,8.79,-0.54,-0.57,-2.539,16.65,10
4,2.24,7.97,-0.54,-0.57,-2.7344,0,5
4,1.77,7.32,-0.54,-0.57,-2.8712,0,5
4,1.43,6.81,-0.54,-0.57,-3.1482,0,5
4,1.16,6.46,-0.54,-0.57,-3.0859,0,5
4,0.98,6.12,-0.54,-0.59,-2.9658,0,5
4,0.87,5.82,-0.54,-0.58,-2.8817,0,5
4,0.79,5.55,-0.54,-0.59,-2.705,0,5
4,0.74,5.33,-0.54,-0.6,-2.7756,0,5
4,0.69,5.13,-0.54,-0.57,-2.2507,0,5
4,0.66,4.94,-0.54,-0.57,-1.6021,0,5
4,0.66,4.77,-0.54,-0.57,-1.2919,0,5
4,0.64,4.62,-0.54,-0.57,-0.9796,0,5
4,0.63,4.44,-0.54,-0.56,-0.9026,0,5
4,0.61,4.29,-0.54,-0.57,-0.8487,0,5
4,0.62,4.13,-0.54,-0.55,-1.1183,0,5
4,0.59,4.12,-0.54,-0.54,-1.3486,0,5
4,0.59,4.19,-0.54,-0.54,-1.7881,0,5
4,0.59,4.32,-0.54,-0.53,-1.8993,0,5
4,0.58,4.45,-0.54,-0.55,-1.7256,0,5
4,0.58,4.56,-0.54,-0.55,-1.2345,0,5
4,0.58,4.73,-0.54,-0.55,-1.2164,0,5
4,0.57,4.82,-0.54,-0.55,-1.2037,0,5
4,0.57,4.9,-0.54,-0.54,-0.9179,0,5
4,0.57,4.99,-0.54,-0.56,-0.9503,0,5
4,0.56,5.04,-0.54,-0.55,-0.3798,0,5
4,0.55,5.03,-0.54,-0.56,-0.1408,0,5
4,0.56,4.98,-0.54,-0.55,0.3581,0,5
4,0.57,4.97,-0.54,-0.53,0.892,0,5
4,0.58,4.94,-0.54,-0.54,0.8553,0,5
4,0.59,4.94,-0.54,-0.54,0.997,0,5
4,0.59,4.97,-0.54,-0.55,0.5275,0,5
4,0.59,4.96,-0.54,-0.53,0.017,0,5
4,0.59,4.97,-0.54,-0.55,-0.6759,0,5
4,0.59,4.97,-0.54,-0.53,-1.1207,0,5
4,0.59,4.97,-0.54,-0.53,-1.4723,0,5
4,0.59,4.97,-0.54,-0.55,-1.7581,0,5
4,0.6,4.92,-0.54,-0.55,-1.9582,0,5
4,0.6,4.88,-0.54,-0.57,-2.2906,0,5
4,0.59,4.85,-0.54,-0.57,-2.0854,0,5
4,0.59,4.84,-0.54,-0.58,-1.8992,0,5
4,0.59,4.83,-0.54,-0.59,-1.9364,0,5
4,0.59,4.83,-0.55,-0.59,-2.1222,0,5
4,0.6,4.83,-0.54,-0.61,-2.3677,0,5
4,0.59,4.84,-0.54,-0.59,-2.305,0,5
4,0.59,4.85,-0.54,-0.6,-2.3013,0,5
4,0.59,4.85,-0.54,-0.61,-2.493,0,5
4,0.59,4.87,-0.54,-0.6,-2.5508,0,5
4,0.59,4.88,-0.54,-0.6,-2.7054,0,5
4,0.59,4.89,-0.54,-0.59,-2.6213,0,5
4,0.59,4.89,-0.54,-0.6,-2.9018,0,5
4,0.59,4.91,-0.54,-0.58,-2.8369,0,5
1,0.61,4.9,-0.54,-0.58,0.61,0,5
1,0.61,4.9,-0.54,-0.56,0.61,5,10
1,0.85,5.06,-0.54,-0.54,0.85,10,10
1,2.29,5.19,-0.54,-0.54,2.29,15,10
1,3.72,5.41,-0.54,-0.54,3.72,20,10
1,5.77,5.75,-0.55,-0.54,5.77,25,10
1,8.21,6.2,-0.54,-0.54,8.21,30,10
1,10.35,6.63,-0.54,-0.54,10.35,35,10
1,12.58,7.15,-0.54,-0.54,12.58,40,10
1,15.6,7.76,-0.55,-0.54,15.6,45,10
1,18.24,8.47,-0.55,-0.55,18.24,50,10
1,20.88,9.22,-0.54,-0.56,20.88,52.01,10
1,22.73,9.73,-0.54,-0.57,22.73,47.01,10
1,22.93,9.99,-0.54,-0.57,22.93,42.01,10
1,22.56,10.12,-0.54,-0.58,22.56,37.01,10
1,22.03,10.12,-0.55,-0.59,22.03,32.01,10
1,20.84,9.96,-0.54,-0.58,20.84,27.01,10
1,19.45,9.75,-0.54,-0.57,19.45,22.01,10
1,17.52,9.48,-0.54,-0.55,17.52,17.01,10
1,15.84,9.51,-0.54,-0.56,15.84,20.69,10
1,14.69,9.56,-0.54,-0.57,14.69,22.51,10
1,14.08,9.62,-0.54,-0.56,14.08,21.85,10
1,14.12,9.61,-0.54,-0.56,14.12,20.69,10
1,13.69,9.68,-0.54,-0.55,13.69,20.51,10
1,13.13,9.75,-0.54,-0.56,13.13,19.46,10
1,12.65,9.78,-0.54,-0.55,12.65,17.93,10
2,11.82,9.82,-0.54,-0.55,-2.937,17.01,10
2,11.28,9.82,-0.54,-0.56,-2.4953,17.01,10
2,9.87,9.56,-0.54,-0.56,-2.3125,17.01,10
2,7.01,9.39,-0.54,-0.59,-2.4244,17.01,10
2,5,9.4,-0.55,-0.57,-2.3447,17.01,10
2,3.71,9.37,-0.55,-0.58,-2.4081,17.01,10
4,2.75,9.38,-0.55,-0.56,-2.2515,17.01,10
4,2.43,8.12,-0.54,-0.55,-2.0581,0,5
4,1.9,7.42,-0.54,-0.56,-1.9648,0,5
4,1.51,6.84,-0.54,-0.54,-1.3523,0,5
4,1.22,6.44,-0.54,-0.56,-1.386,0,5
4,1.01,6.09,-0.54,-0.55,-1.9643,0,5
4,0.89,5.77,-0.54,-0.56,-2.2191,0,5
4,0.8,5.54,-0.54,-0.54,-2.1603,0,5
4,0.74,5.33,-0.55,-0.53,-2.3563,0,5
4,0.71,5.14,-0.55,-0.54,-2.6065,0,5
4,0.69,4.97,-0.55,-0.53,-2.7444,0,5
4,0.66,4.8,-0.55,-0.53,-2.138,0,5
4,0.64,4.65,-0.55,-0.53,-1.6199,0,5
4,0.62,4.47,-0.54,-0.54,-1.6581,0,5
4,0.63,4.31,-0.54,-0.53,-1.7265,0,5
4,0.62,4.15,-0.54,-0.53,-1.5608,0,5
4,0.61,4.13,-0.54,-0.53,-0.8071,0,5
4,0.6,4.22,-0.54,-0.55,-0.7819,0,5
4,0.6,4.33,-0.54,-0.57,-0.5739,0,5
4,0.58,4.48,-0.54,-0.58,-0.4283,0,5
4,0.58,4.59,-0.54,-0.61,-0.4703,0,5
4,0.57,4.7,-0.54,-0.62,-1.1733,0,5
4,0.57,4.79,-0.54,-0.6,-1.7411,0,5
4,0.57,4.86,-0.54,-0.6,-2.1009,0,5
4,0.56,4.96,-0.54,-0.59,-2.1183,0,5
4,0.56,5.05,-0.54,-0.6,-2.2496,0,5
4,0.55,5.1,-0.54,-0.59,-2.3415,0,5
4,0.56,5.08,-0.54,-0.58,-1.7143,0,5
4,0.57,5.09,-0.55,-0.59,-1.6821,0,5
4,0.57,5.08,-0.54,-0.58,-1.204,0,5
4,0.58,4.98,-0.54,-0.63,-1.1055,0,5
4,0.59,4.92,-0.54,-0.62,-1.4215,0,5
4,0.59,4.89,-0.54,-0.62,-0.972,0,5
4,0.59,4.85,-0.54,-0.62,-0.8037,0,5
4,0.59,4.82,-0.54,-0.6,-0.733,0,5
4,0.59,4.83,-0.54,-0.59,-0.9525,0,5
4,0.59,4.82,-0.54,-0.58,-1.1909,0,5
4,0.59,4.8,-0.54,-0.59,-1.1414,0,5
4,0.59,4.8,-0.54,-0.58,-1.5658,0,5
4,0.59,4.82,-0.54,-0.61,-1.9401,0,5
4,0.59,4.81,-0.54,-0.63,-1.7103,0,5
4,0.59,4.79,-0.54,-0.62,-1.505,0,5
4,0.59,4.8,-0.54,-0.64,-1.6193,0,5
4,0.59,4.79,-0.54,-0.63,0.2873,0,5
4,0.59,4.81,-0.54,-0.64,1.9605,0,5
4,0.59,4.82,-0.54,-0.64,3.1317,0,5
4,0.59,4.91,-0.55,-0.64,3.4265,0,5
4,0.59,4.95,-0.54,-0.63,4.0345,0,5
4,0.59,4.98,-0.54,-0.61,2.0185,0,5
4,0.59,4.99,-0.54,-0.61,0.9309,0,5
4,0.59,4.99,-0.54,-0.61,-0.0361,0,5
4,0.59,5.02,-0.55,-0.63,-0.7131,0,5
1,0.59,4.96,-0.55,-0.65,0.59,0,5
1,0.61,4.91,-0.54,-0.66,0.61,5,10
1,0.85,5.02,-0.54,-0.67,0.85,10,10
1,2.29,5.15,-0.55,-0.63,2.29,15,10
1,3.71,5.36,-0.55,-0.62,3.71,20,10
1,5.7,5.63,-0.54,-0.6,5.7,25,10
1,8.08,6.07,-0.54,-0.59,8.08,30,10
1,10.42,6.54,-0.54,-0.56,10.42,35,10
1,13.04,7.07,-0.54,-0.55,13.04,40,10
1,15.74,7.74,-0.54,-0.55,15.74,45,10
1,18.21,8.49,-0.54,-0.55,18.21,50,10
1,20.39,9.29,-0.54,-0.57,20.39,52.14,10
1,22.22,9.76,-0.54,-0.55,22.22,47.14,10
1,22.92,10,-0.54,-0.56,22.92,42.14,10
1,22.98,10.13,-0.54,-0.57,22.98,37.14,10
1,22.05,10.16,-0.54,-0.56,22.05,32.14,10
1,21.33,10.05,-0.54,-0.57,21.33,27.14,10
1,19.38,9.82,-0.54,-0.56,19.38,22.14,10
1,17.27,9.53,-0.54,-0.57,17.27,17.14,10
1,15.62,9.51,-0.54,-0.55,15.62,19.38,10
1,14.68,9.59,-0.54,-0.54,14.68,22,10
1,14.24,9.59,-0.54,-0.53,14.24,21.24,10
1,13.69,9.63,-0.54,-0.53,13.69,20.88,10
1,13.37,9.71,-0.54,-0.52,13.37,20.3,10
1,13.16,9.77,-0.54,-0.52,13.16,18.85,10
1,12.57,9.79,-0.54,-0.58,12.57,17.43,10
1,12.19,9.79,-0.54,-0.6,12.19,16.69,10
2,11.57,9.82,-0.54,-0.62,-1.5102,16.54,10
2,10.45,9.6,-0.54,-0.64,-1.1804,16.54,10
2,8.73,9.35,-0.54,-0.63,-1.2656,16.54,10
2,6.11,9.31,-0.54,-0.61,-1.1937,16.54,10
2,4.43,9.3,-0.54,-0.59,-1.2317,16.54,10
2,3.28,9.28,-0.54,-0.57,-1.0791,16.54,10
4,2.78,8.07,-0.54,-0.56,-0.5244,16.54,10
4,2.15,7.43,-0.54,-0.57,-0.1362,0,5
4,1.68,6.88,-0.54,-0.59,0.6782,0,5
4,1.36,6.53,-0.54,-0.61,0.9315,0,5
4,1.11,6.17,-0.54,-0.62,0.8829,0,5
4,0.97,5.83,-0.54,-0.62,0.743,0,5
4,0.85,5.63,-0.54,-0.62,0.1679,0,5
4,0.77,5.38,-0.54,-0.63,-0.2347,0,5
4,0.72,5.19,-0.54,-0.56,-0.8119,0,5
4,0.69,5,-0.54,-0.52,-1.1342,0,5
4,0.65,4.83,-0.54,-0.49,-1.2333,0,5
4,0.63,4.68,-0.54,-0.47,-1.126,0,5
4,0.62,4.51,-0.54,-0.44,-0.7147,0,5
4,0.61,4.35,-0.54,-0.47,-1.0244,0,5
4,0.6,4.22,-0.54,-0.49,-0.6941,0,5
4,0.58,4.2,-0.54,-0.5,-0.6091,0,5
4,0.59,4.26,-0.54,-0.52,-0.7341,0,5
4,0.58,4.33,-0.54,-0.54,-0.6844,0,5
4,0.58,4.43,-0.54,-0.56,-0.9611,0,5
4,0.58,4.5,-0.54,-0.57,-1.1121,0,5
4,0.58,4.61,-0.54,-0.58,-1.3443,0,5
4,0.57,4.67,-0.54,-0.59,-1.3804,0,5
4,0.57,4.72,-0.54,-0.57,-0.9432,0,5
4,0.57,4.76,-0.54,-0.58,-0.7356,0,5
4,0.56,4.78,-0.54,-0.56,-0.4918,0,5
4,0.55,4.82,-0.54,-0.56,-0.5147,0,5
4,0.56,4.79,-0.54,-0.54,-0.2868,0,5
4,0.57,4.8,-0.54,-0.52,-0.2273,0,5
4,0.57,4.84,-0.54,-0.53,-0.2824,0,5
4,0.57,4.89,-0.54,-0.53,-0.321,0,5
4,0.58,4.91,-0.54,-0.53,-0.348,0,5
4,0.58,4.92,-0.54,-0.52,-0.1186,0,5
4,0.59,4.94,-0.54,-0.52,-0.3457,0,5
4,0.59,4.85,-0.54,-0.52,-0.8896,0,5
4,0.59,4.78,-0.54,-0.51,-1.2297,0,5
4,0.59,4.75,-0.54,-0.53,-1.213,0,5
4,0.59,4.72,-0.54,-0.53,-1.3311,0,5
4,0.59,4.7,-0.54,-0.54,-1.4138,0,5
4,0.59,4.69,-0.54,-0.55,-1.7172,0,5
4,0.59,4.7,-0.54,-0.54,-1.9688,0,5
4,0.58,4.71,-0.54,-0.56,-2.0258,0,5
4,0.59,4.71,-0.54,-0.56,-2.1058,0,5
4,0.59,4.71,-0.54,-0.57,-2.2409,0,5
4,0.59,4.71,-0.54,-0.57,-2.5627,0,5
4,0.59,4.74,-0.54,-0.58,-2.5995,0,5
4,0.59,4.75,-0.54,-0.58,-2.7395,0,5
4,0.59,4.78,-0.54,-0.58,-2.9483,0,5
4,0.59,4.77,-0.54,-0.59,-3.2374,0,5
4,0.59,4.79,-0.54,-0.58,-2.9138,0,5
4,0.59,4.81,-0.54,-0.58,-2.6873,0,5
4,0.59,4.83,-0.54,-0.57,-2.4053,0,5
1,0.59,4.84,-0.54,-0.56,0.59,0,5
1,0.61,4.87,-0.54,-0.56,0.61,5,10
1,0.86,5.02,-0.54,-0.55,0.86,10,10
1,2.3,5.16,-0.54,-0.54,2.3,15,10
1,3.73,5.39,-0.54,-0.53,3.73,20,10
1,5.7,5.7,-0.54,-0.53,5.7,25,10
1,8.15,6.14,-0.55,-0.53,8.15,30,10
1,10.25,6.66,-0.55,-0.52,10.25,35,10
1,13.18,7.23,-0.55,-0.54,13.18,40,10
1,15.8,7.88,-0.55,-0.54,15.8,45,10
1,17.87,8.61,-0.55,-0.55,17.87,50,10
1,20.12,9.18,-0.55,-0.53,20.12,49.02,10
1,21.29,9.5,-0.55,-0.53,21.29,44.02,10
1,21.63,9.68,-0.54,-0.54,21.63,39.02,10
1,21.5,9.77,-0.55,-0.54,21.5,34.02,10
1,20.9,9.69,-0.54,-0.57,20.9,29.02,10
1,19.76,9.55,-0.54,-0.57,19.76,24.02,10
1,18.22,9.41,-0.54,-0.6,18.22,20.47,10
1,16.99,9.49,-0.54,-0.62,16.99,23.79,10
1,16.53,9.52,-0.54,-0.63,16.53,23.79,10
1,15.94,9.59,-0.54,-0.64,15.94,22.96,10
1,15.57,9.6,-0.54,-0.64,15.57,21.77,10
1,14.88,9.62,-0.54,-0.64,14.88,21.15,10
1,14.42,9.68,-0.54,-0.63,14.42,20.87,10
1,14.16,9.74,-0.54,-0.62,14.16,19.85,10
1,13.12,9.78,-0.54,-0.61,13.12,18.65,10
1,12.94,9.81,-0.54,-0.61,12.94,17.69,10
2,12.14,9.84,-0.54,-0.6,-2.0932,16.92,10
2,11.57,9.75,-0.54,-0.59,-1.8175,16.92,10
2,10.29,9.49,-0.55,-0.6,-1.96,16.92,10
2,7.25,9.38,-0.54,-0.6,-1.854,16.92,10
2,5.18,9.4,-0.54,-0.59,-1.3731,16.92,10
2,3.81,9.38,-0.54,-0.59,-1.3134,16.92,10
4,2.89,8.99,-0.54,-0.58,-1.4852,16.92,10
4,2.42,8.05,-0.54,-0.58,-1.5638,0,5
4,1.89,7.39,-0.54,-0.57,-1.7825,0,5
4,1.48,6.89,-0.54,-0.58,-1.8953,0,5
4,1.21,6.54,-0.54,-0.57,-1.8509,0,5
4,1.01,6.19,-0.54,-0.56,-1.9432,0,5
4,0.89,5.9,-0.54,-0.55,-2.048,0,5
4,0.79,5.63,-0.54,-0.53,-2.2004,0,5
4,0.74,5.39,-0.54,-0.53,-2.346,0,5
4,0.7,5.21,-0.55,-0.51,-2.6362,0,5
4,0.68,5.01,-0.55,-0.52,-2.8025,0,5
4,0.66,4.84,-0.55,-0.55,-2.8816,0,5
4,0.64,4.67,-0.55,-0.56,-2.7446,0,5
4,0.63,4.49,-0.55,-0.58,-2.4871,0,5
4,0.62,4.32,-0.55,-0.57,-2.1803,0,5
4,0.62,4.17,-0.55,-0.59,-1.6495,0,5
4,0.61,4.17,-0.55,-0.56,-1.23,0,5
4,0.59,4.24,-0.54,-0.57,-1.343,0,5
4,0.59,4.34,-0.54,-0.57,-0.9171,0,5
4,0.58,4.46,-0.54,-0.57,-0.3565,0,5
4,0.58,4.55,-0.54,-0.58,0.1488,0,5
4,0.58,4.67,-0.54,-0.58,0.3896,0,5
4,0.57,4.74,-0.54,-0.6,0.7894,0,5
4,0.57,4.79,-0.54,-0.59,0.0284,0,5
4,0.57,4.85,-0.54,-0.58,-0.3324,0,5
4,0.56,4.89,-0.54,-0.58,-0.4495,0,5
4,0.56,4.9,-0.54,-0.57,-0.754,0,5
4,0.56,4.88,-0.54,-0.6,-1.0937,0,5
4,0.57,4.87,-0.55,-0.61,-1.2476,0,5
4,0.57,4.87,-0.55,-0.62,-1.5209,0,5
4,0.58,4.86,-0.54,-0.62,-1.7123,0,5
4,0.58,4.88,-0.54,-0.63,-2.0427,0,5
4,0.58,4.91,-0.54,-0.62,-1.9541,0,5
4,0.59,4.92,-0.54,-0.6,-2.1735,0,5
4,0.59,4.93,-0.54,-0.61,-2.2882,0,5
4,0.59,4.91,-0.54,-0.59,-2.5589,0,5
4,0.59,4.9,-0.54,-0.6,-2.479,0,5
4,0.6,4.89,-0.54,-0.6,-2.5794,0,5
4,0.6,4.91,-0.54,-0.59,-2.4933,0,5
4,0.6,4.91,-0.54,-0.59,-2.5895,0,5
4,0.6,4.92,-0.54,-0.6,-2.5004,0,5
4,0.6,4.93,-0.54,-0.61,-2.3572,0,5
4,0.6,4.91,-0.54,-0.6,-2.1742,0,5
4,0.6,4.87,-0.54,-0.6,-2.2887,0,5
4,0.6,4.84,-0.54,-0.61,-2.3296,0,5
4,0.59,4.83,-0.54,-0.61,-2.0701,0,5
4,0.59,4.82,-0.54,-0.64,-2.1368,0,5
4,0.6,4.81,-0.55,-0.64,-2.3015,0,5
4,0.6,4.85,-0.54,-0.65,-2.2586,0,5
4,0.59,4.88,-0.54,-0.6,-2.0631,0,5
4,0.59,4.9,-0.54,-0.58,-1.7519,0,5
4,0.6,4.9,-0.54,-0.56,-2.0704,0,5
1,0.62,4.89,-0.54,-0.54,0.62,0,5
1,0.61,4.91,-0.54,-0.54,0.61,5,10
1,0.85,5.06,-0.54,-0.54,0.85,10,10
1,2.3,5.2,-0.54,-0.56,2.3,15,10
1,3.72,5.43,-0.54,-0.56,3.72,20,10
1,5.71,5.74,-0.54,-0.56,5.71,25,10
1,7.92,6.19,-0.54,-0.57,7.92,30,10
1,10.52,6.7,-0.54,-0.56,10.52,35,10
1,13.19,7.31,-0.54,-0.57,13.19,40,10
1,15.85,8,-0.54,-0.56,15.85,45,10
1,18.28,8.75,-0.54,-0.55,18.28,50,10
1,20.39,9.21,-0.54,-0.55,20.39,45.82,10
1,21.49,9.59,-0.54,-0.55,21.49,40.82,10
1,21.17,9.69,-0.54,-0.56,21.17,35.82,10
1,20.77,9.66,-0.54,-0.56,20.77,30.82,10
1,19.6,9.55,-0.54,-0.59,19.6,25.82,10
1,18.07,9.33,-0.54,-0.58,18.07,20.82,10
1,16.77,9.43,-0.54,-0.59,16.77,24.72,10
1,16.34,9.44,-0.54,-0.59,16.34,25.12,10
1,16.12,9.54,-0.54,-0.59,16.12,24.46,10
1,15.82,9.57,-0.54,-0.59,15.82,23.02,10
1,15.73,9.6,-0.54,-0.58,15.73,21.92,10
1,15.07,9.67,-0.54,-0.6,15.07,21.31,10
1,14.64,9.7,-0.54,-0.59,14.64,20.15,10
1,13.94,9.77,-0.54,-0.59,13.94,19.19,10
1,12.76,9.78,-0.55,-0.58,12.76,17.96,10
2,11.83,9.82,-0.55,-0.58,-2.2675,17.3,10
2,11.05,9.81,-0.55,-0.59,-1.9833,17.3,10
2,9.88,9.53,-0.54,-0.57,-2.2324,17.3,10
2,6.91,9.31,-0.54,-0.53,-2.5198,17.3,10
2,4.92,9.29,-0.54,-0.48,-1.8872,17.3,10
2,3.65,9.23,-0.54,-0.46,-1.7171,17.3,10
4,2.71,9.24,-0.54,-0.44,-1.4188,17.3,10
4,2.39,7.99,-0.54,-0.42,-1.6001,0,5
4,1.87,7.34,-0.54,-0.42,-1.6021,0,5
4,1.51,6.85,-0.54,-0.47,-1.048,0,5
4,1.24,6.52,-0.54,-0.54,-1.0858,0,5
4,1.02,6.2,-0.54,-0.57,-1.2842,0,5
4,0.89,5.89,-0.54,-0.58,-1.0694,0,5
4,0.79,5.65,-0.54,-0.61,-0.7752,0,5
4,0.74,5.38,-0.54,-0.6,-1.1085,0,5
4,0.71,5.16,-0.54,-0.61,-1.8787,0,5
4,0.68,4.98,-0.54,-0.59,-2.3457,0,5
4,0.66,4.8,-0.55,-0.6,-2.4477,0,5
4,0.64,4.63,-0.54,-0.59,-2.5955,0,5
4,0.62,4.47,-0.54,-0.59,-2.7367,0,5
4,0.62,4.31,-0.54,-0.61,-2.4399,0,5
4,0.61,4.15,-0.54,-0.6,-2.104,0,5
4,0.59,4.15,-0.54,-0.61,-1.825,0,5
4,0.59,4.22,-0.54,-0.59,-1.9251,0,5
4,0.59,4.31,-0.54,-0.6,-1.787,0,5
4,0.58,4.43,-0.54,-0.58,-1.02,0,5
4,0.59,4.49,-0.54,-0.57,-0.3157,0,5
4,0.58,4.57,-0.54,-0.57,-0.1475,0,5
4,0.57,4.65,-0.54,-0.57,-0.0297,0,5
4,0.57,4.72,-0.54,-0.59,0.3204,0,5
4,0.56,4.76,-0.54,-0.57,0.3493,0,5
4,0.55,4.86,-0.54,-0.56,-0.1949,0,5
4,0.55,4.92,-0.54,-0.56,-0.2597,0,5
4,0.56,4.92,-0.54,-0.56,-0.3987,0,5
4,0.56,4.93,-0.54,-0.57,-0.496,0,5
4,0.57,4.94,-0.54,-0.56,-0.7865,0,5
4,0.58,4.93,-0.54,-0.56,-1.2781,0,5
4,0.58,4.92,-0.54,-0.55,-1.334,0,5
4,0.59,4.92,-0.54,-0.56,-1.458,0,5
4,0.59,4.93,-0.54,-0.57,-1.5448,0,5
4,0.59,4.93,-0.54,-0.55,-1.7691,0,5
4,0.6,4.94,-0.54,-0.57,-1.9261,0,5
4,0.59,4.89,-0.54,-0.58,-1.7444,0,5
4,0.59,4.85,-0.54,-0.58,-1.6171,0,5
4,0.59,4.82,-0.54,-0.57,-1.7796,0,5
4,0.59,4.8,-0.54,-0.58,-2.0898,0,5
4,0.59,4.78,-0.54,-0.58,-1.8589,0,5
4,0.59,4.74,-0.54,-0.62,-1.7833,0,5
4,0.6,4.73,-0.54,-0.67,-1.6877,0,5
4,0.6,4.72,-0.54,-0.67,-1.5336,0,5
4,0.6,4.71,-0.55,-0.68,-1.5977,0,5
4,0.6,4.71,-0.54,-0.69,-1.3353,0,5
4,0.59,4.71,-0.54,-0.67,-1.4589,0,5
4,0.59,4.73,-0.54,-0.65,-1.788,0,5
4,0.59,4.74,-0.54,-0.63,-1.8992,0,5
4,0.59,4.75,-0.54,-0.63,-1.7688,0,5
4,0.6,4.77,-0.54,-0.63,-1.8858,0,5
4,0.59,4.77,-0.54,-0.63,-1.6278,0,5
1,0.59,4.77,-0.54,-0.63,0.59,0,5
1,0.61,4.81,-0.54,-0.61,0.61,5,10
1,0.85,4.94,-0.54,-0.61,0.85,10,10
1,2.3,5.08,-0.54,-0.6,2.3,15,10
1,3.72,5.32,-0.54,-0.62,3.72,20,10
1,5.73,5.63,-0.54,-0.62,5.73,25,10
1,7.82,6.08,-0.54,-0.63,7.82,30,10
1,11.25,6.59,-0.54,-0.64,11.25,35,10
1,13.7,7.17,-0.54,-0.64,13.7,40,10
1,16.27,7.81,-0.54,-0.65,16.27,45,10
1,18.67,8.56,-0.54,-0.63,18.67,50,10
1,20.52,9.26,-0.54,-0.63,20.52,50.48,10
1,21.84,9.71,-0.54,-0.61,21.84,45.48,10
1,22.11,9.96,-0.54,-0.6,22.11,40.48,10
1,21.7,10.07,-0.54,-0.59,21.7,35.48,10
1,20.97,9.98,-0.54,-0.58,20.97,30.48,10
1,19.77,9.86,-0.54,-0.57,19.77,25.48,10
1,17.98,9.64,-0.55,-0.57,17.98,20.48,10
1,16.04,9.42,-0.54,-0.57,16.04,17.61,10
1,14.81,9.51,-0.54,-0.57,14.81,22.61,10
1,14.26,9.55,-0.54,-0.57,14.26,23.33,10
1,14.29,9.61,-0.54,-0.58,14.29,22.32,10
1,14.08,9.62,-0.54,-0.58,14.08,21.22,10
1,13.66,9.67,-0.55,-0.59,13.66,20.68,10
1,13.17,9.75,-0.55,-0.57,13.17,19.84,10
1,12.78,9.78,-0.55,-0.57,12.78,18.37,10
1,12.07,9.84,-0.55,-0.57,12.07,17.33,10
2,11.38,9.84,-0.55,-0.59,-2.1463,16.12,10
2,9.96,9.62,-0.55,-0.58,-2.4223,16.12,10
2,8.54,9.35,-0.54,-0.59,-2.5013,16.12,10
2,6.02,9.29,-0.54,-0.6,-2.5177,16.12,10
2,4.35,9.28,-0.54,-0.6,-2.3693,16.12,10
2,3.22,9.24,-0.54,-0.62,-2.2655,16.12,10
4,2.66,8.33,-0.54,-0.6,-2.468,16.12,10
4,2.12,7.64,-0.54,-0.59,-2.3752,0,5
4,1.67,7.17,-0.54,-0.58,-2.2696,0,5
4,1.34,6.83,-0.54,-0.57,-2.3162,0,5
4,1.08,6.5,-0.54,-0.61,-2.6154,0,5
4,0.94,6.14,-0.54,-0.59,-2.7129,0,5
4,0.84,5.87,-0.54,-0.61,-2.8562,0,5
4,0.78,5.65,-0.54,-0.6,-2.9564,0,5
4,0.73,5.46,-0.54,-0.59,-3.3471,0,5
4,0.68,5.25,-0.54,-0.6,-2.5134,0,5
4,0.64,5.09,-0.54,-0.57,-2.0672,0,5
4,0.63,4.92,-0.54,-0.57,-1.7992,0,5
4,0.62,4.71,-0.54,-0.56,-1.6555,0,5
4,0.62,4.55,-0.54,-0.58,-1.0854,0,5
4,0.61,4.41,-0.54,-0.57,-0.8351,0,5
4,0.61,4.26,-0.54,-0.56,-0.4596,0,5
4,0.6,4.08,-0.54,-0.57,-0.5844,0,5
4,0.6,4.11,-0.54,-0.57,-0.386,0,5
4,0.58,4.19,-0.54,-0.58,-0.2968,0,5
4,0.58,4.27,-0.54,-0.58,-0.2831,0,5
4,0.56,4.4,-0.54,-0.58,-0.5504,0,5
4,0.58,4.46,-0.54,-0.58,-0.7813,0,5
4,0.57,4.55,-0.54,-0.59,-0.8547,0,5
4,0.56,4.61,-0.54,-0.58,-1.1224,0,5
4,0.56,4.67,-0.54,-0.58,-1.3927,0,5
4,0.56,4.72,-0.54,-0.59,-1.8947,0,5
4,0.56,4.75,-0.54,-0.58,-2.0141,0,5
4,0.55,4.77,-0.54,-0.59,-1.9757,0,5
4,0.56,4.75,-0.54,-0.6,-1.9899,0,5
4,0.57,4.71,-0.54,-0.62,-1.9588,0,5
4,0.57,4.71,-0.54,-0.63,-1.2462,0,5
4,0.58,4.71,-0.54,-0.63,-0.474,0,5
4,0.58,4.71,-0.55,-0.61,-0.4071,0,5
4,0.58,4.71,-0.54,-0.58,-0.767,0,5
4,0.58,4.73,-0.54,-0.58,-1.0611,0,5
4,0.59,4.72,-0.54,-0.58,-1.095,0,5
4,0.59,4.72,-0.54,-0.57,-1.2485,0,5
4,0.59,4.72,-0.54,-0.57,-1.3981,0,5
4,0.59,4.73,-0.54,-0.58,-0.462,0,5
4,0.59,4.73,-0.54,-0.59,-0.038,0,5
4,0.59,4.71,-0.54,-0.59,0.4301,0,5
4,0.59,4.72,-0.54,-0.59,0.1306,0,5
4,0.59,4.71,-0.55,-0.57,0.4898,0,5
4,0.59,4.69,-0.54,-0.56,0.7411,0,5
4,0.59,4.69,-0.54,-0.57,0.2561,0,5
4,0.59,4.66,-0.54,-0.55,-0.5085,0,5
4,0.59,4.64,-0.54,-0.55,-0.6186,0,5
4,0.59,4.61,-0.54,-0.54,-0.4596,0,5
4,0.59,4.6,-0.54,-0.54,-0.7178,0,5
4,0.6,4.59,-0.54,-0.55,-0.7651,0,5
4,0.59,4.63,-0.54,-0.54,-1.1014,0,5
1,0.6,4.66,-0.54,-0.56,0.6,0,5
1,0.62,4.69,-0.54,-0.56,0.62,5,10
1,0.85,4.83,-0.54,-0.58,0.85,10,10
1,2.3,4.97,-0.54,-0.58,2.3,15,10
1,3.72,5.2,-0.54,-0.59,3.72,20,10
1,5.74,5.48,-0.54,-0.57,5.74,25,10
1,8.23,5.94,-0.54,-0.57,8.23,30,10
1,10.19,6.44,-0.54,-0.58,10.19,35,10
1,13.02,6.97,-0.54,-0.55,13.02,40,10
1,15.76,7.63,-0.54,-0.55,15.76,45,10
1,18.37,8.4,-0.54,-0.53,18.37,50,10
1,21.25,9.33,-0.54,-0.52,21.25,54.7,10
1,24.4,9.99,-0.54,-0.52,24.4,49.7,10
1,24.87,10.26,-0.54,-0.53,24.87,44.7,10
1,24.74,10.41,-0.54,-0.55,24.74,39.7,10
1,23.85,10.41,-0.55,-0.54,23.85,34.7,10
1,22.6,10.33,-0.54,-0.57,22.6,29.7,10
1,20.98,10.12,-0.54,-0.56,20.98,24.7,10
1,18.96,9.85,-0.54,-0.56,18.96,19.7,10
1,16.65,9.53,-0.54,-0.53,16.65,14.7,10
1,15.17,9.57,-0.54,-0.49,15.17,19.17,10
1,14.42,9.58,-0.54,-0.49,14.42,21.22,10
1,13.36,9.6,-0.54,-0.47,13.36,21.19,10
1,13.18,9.62,-0.54,-0.47,13.18,20.87,10
1,12.71,9.67,-0.54,-0.51,12.71,20.41,10
1,12.35,9.73,-0.54,-0.53,12.35,19.65,10
1,12.12,9.8,-0.54,-0.55,12.12,18.52,10
2,11.58,9.86,-0.54,-0.55,-1.0053,17.04,10
2,11.22,9.8,-0.54,-0.56,-0.9664,17.04,10
2,10.02,9.55,-0.54,-0.54,-0.5515,17.04,10
2,7.04,9.44,-0.54,-0.55,-0.6029,17.04,10
2,5.01,9.44,-0.55,-0.55,-0.6847,17.04,10
2,3.71,9.37,-0.55,-0.53,-1.1671,17.04,10
4,2.79,9.03,-0.55,-0.53,-1.4239,17.04,10
4,2.39,7.98,-0.54,-0.52,-1.6845,0,5
4,1.86,7.32,-0.54,-0.56,-2.0613,0,5
4,1.48,6.81,-0.54,-0.57,-2.325,0,5
4,1.21,6.43,-0.54,-0.58,-2.5474,0,5
4,1.02,6.13,-0.54,-0.59,-2.0458,0,5
4,0.9,5.88,-0.54,-0.59,-1.5074,0,5
4,0.8,5.66,-0.54,-0.42,-1.2256,0,5
4,0.74,5.45,-0.54,-0.29,-0.7844,0,5
4,0.69,5.29,-0.55,-0.23,-0.6244,0,5
4,0.69,5.11,-0.55,-0.16,-1.3569,0,5
4,0.65,4.94,-0.55,-0.12,-2.1584,0,5
4,0.63,4.79,-0.55,-0.09,-2.5778,0,5
4,0.62,4.62,-0.54,-0.22,-2.9781,0,5
4,0.62,4.44,-0.54,-0.31,-3.3279,0,5
4,0.62,4.27,-0.55,-0.37,-3.5032,0,5
4,0.62,4.11,-0.54,-0.43,-2.8483,0,5
4,0.6,4.11,-0.54,-0.47,-2.2565,0,5
4,0.59,4.15,-0.54,-0.5,-2.1037,0,5
4,0.59,4.26,-0.54,-0.53,-1.643,0,5
4,0.58,4.4,-0.54,-0.53,-1.5895,0,5
4,0.58,4.43,-0.55,-0.54,-1.8004,0,5
4,0.58,4.52,-0.55,-0.54,-1.7845,0,5
4,0.57,4.59,-0.54,-0.54,-2.1313,0,5
4,0.57,4.65,-0.54,-0.55,-2.336,0,5
4,0.57,4.69,-0.54,-0.55,-2.402,0,5
4,0.56,4.73,-0.55,-0.57,-2.3692,0,5
4,0.55,4.78,-0.54,-0.57,-2.0107,0,5
4,0.56,4.77,-0.55,-0.58,-2.0952,0,5
4,0.56,4.77,-0.54,-0.64,-1.8189,0,5
4,0.57,4.76,-0.54,-0.67,-1.8391,0,5
4,0.57,4.75,-0.54,-0.72,-2.0541,0,5
4,0.58,4.7,-0.54,-0.75,-2.7496,0,5
4,0.58,4.68,-0.54,-0.78,-3.0631,0,5
4,0.59,4.65,-0.54,-0.73,-3.1748,0,5
4,0.59,4.65,-0.54,-0.69,-3.3608,0,5
4,0.59,4.65,-0.54,-0.65,-3.3466,0,5
4,0.59,4.65,-0.55,-0.62,-2.7387,0,5
4,0.59,4.71,-0.55,-0.61,-2.0875,0,5
4,0.58,4.77,-0.54,-0.58,-1.8573,0,5
4,0.59,4.79,-0.54,-0.61,-1.4234,0,5
4,0.59,4.8,-0.54,-0.61,-1.4358,0,5
4,0.59,4.79,-0.54,-0.63,-1.4444,0,5
4,0.59,4.74,-0.54,-0.62,-1.0377,0,5
4,0.59,4.71,-0.54,-0.63,-1.374,0,5
4,0.59,4.67,-0.54,-0.63,-1.6094,0,5
4,0.59,4.65,-0.54,-0.61,-1.5226,0,5
4,0.59,4.63,-0.55,-0.62,-1.4619,0,5
4,0.59,4.6,-0.54,-0.62,-1.286,0,5
4,0.59,4.63,-0.55,-0.62,-1.1629,0,5
4,0.59,4.65,-0.54,-0.61,-1.421,0,5
4,0.59,4.66,-0.54,-0.61,-1.2574,0,5
1,0.59,4.69,-0.54,-0.61,0.59,0,5
1,0.61,4.71,-0.54,-0.6,0.61,5,10
1,0.85,4.86,-0.54,-0.6,0.85,10,10
1,2.3,5.02,-0.54,-0.59,2.3,15,10
1,3.72,5.26,-0.54,-0.59,3.72,20,10
1,5.73,5.55,-0.54,-0.56,5.73,25,10
1,7.87,6.01,-0.54,-0.55,7.87,30,10
1,10.02,6.51,-0.54,-0.55,10.02,35,10
1,12.59,7.08,-0.54,-0.53,12.59,40,10
1,14.54,7.73,-0.54,-0.54,14.54,45,10
1,17.74,8.5,-0.54,-0.58,17.74,50,10
1,20.86,9.3,-0.54,-0.61,20.86,52.24,10
1,22.64,9.7,-0.54,-0.64,22.64,47.24,10
1,23.13,9.98,-0.54,-0.66,23.13,42.24,10
1,22.94,10.09,-0.54,-0.68,22.94,37.24,10
1,22.13,10.09,-0.54,-0.64,22.13,32.24,10
1,20.67,9.97,-0.54,-0.64,20.67,27.24,10
1,19.17,9.77,-0.54,-0.61,19.17,22.24,10
1,17.34,9.53,-0.54,-0.6,17.34,17.24,10
1,15.78,9.5,-0.54,-0.58,15.78,20.08,10
1,14.91,9.55,-0.54,-0.58,14.91,22.52,10
1,14.17,9.63,-0.54,-0.59,14.17,22.34,10
1,13.69,9.64,-0.54,-0.58,13.69,20.99,10
1,13.7,9.68,-0.54,-0.61,13.7,20.3,10
1,13.14,9.72,-0.54,-0.6,13.14,19.68,10
1,12.75,9.73,-0.54,-0.6,12.75,18.82,10
2,12.37,9.77,-0.54,-0.59,-2.2773,18.42,10
2,11.88,9.83,-0.54,-0.58,-2.1183,18.42,10
2,10.41,9.56,-0.54,-0.6,-1.0845,18.42,10
2,8.43,9.32,-0.54,-0.58,-0.4179,18.42,10
2,5.94,9.28,-0.54,-0.58,-0.7319,18.42,10
2,4.32,9.26,-0.55,-0.58,-0.7292,18.42,10
4,3.19,9.24,-0.54,-0.58,-0.225,18.42,10
4,2.73,8,-0.54,-0.6,-0.5969,0,5
4,2.12,7.33,-0.54,-0.59,-1.0247,0,5
4,1.69,6.78,-0.54,-0.6,-1.2832,0,5
4,1.37,6.4,-0.54,-0.59,-1.0215,0,5
4,1.11,6.05,-0.54,-0.6,-1.1971,0,5
4,0.97,5.73,-0.55,-0.59,-1.4449,0,5
4,0.86,5.49,-0.54,-0.57,-1.7389,0,5
4,0.79,5.27,-0.54,-0.56,-1.6993,0,5
4,0.74,5.1,-0.54,-0.55,-1.917,0,5
4,0.7,4.93,-0.55,-0.55,-2.0297,0,5
4,0.68,4.77,-0.54,-0.53,-2.1086,0,5
4,0.66,4.63,-0.55,-0.53,-2.1236,0,5
4,0.64,4.49,-0.55,-0.53,-1.8826,0,5
4,0.62,4.33,-0.54,-0.53,-1.6701,0,5
4,0.61,4.17,-0.54,-0.54,-1.6932,0,5
4,0.62,4.13,-0.54,-0.54,-1.3557,0,5
4,0.61,4.21,-0.54,-0.55,-1.5148,0,5
4,0.6,4.31,-0.54,-0.55,-1.5845,0,5
4,0.58,4.43,-0.54,-0.55,-1.9913,0,5
4,0.58,4.51,-0.54,-0.57,-2.238,0,5
4,0.57,4.61,-0.54,-0.58,-2.4107,0,5
4,0.57,4.68,-0.54,-0.6,-2.7903,0,5
4,0.56,4.74,-0.54,-0.61,-2.8353,0,5
4,0.56,4.78,-0.54,-0.62,-3.1584,0,5
4,0.55,4.81,-0.54,-0.61,-3.055,0,5
4,0.54,4.83,-0.54,-0.59,-3.0956,0,5
4,0.55,4.82,-0.54,-0.59,-3.161,0,5
4,0.57,4.81,-0.54,-0.57,-3.2433,0,5
4,0.57,4.79,-0.54,-0.57,-3.1144,0,5
4,0.58,4.79,-0.54,-0.55,-2.9858,0,5
4,0.58,4.78,-0.54,-0.54,-2.7377,0,5
4,0.59,4.78,-0.54,-0.54,-2.9104,0,5
4,0.59,4.77,-0.54,-0.53,-2.7648,0,5
4,0.59,4.77,-0.54,-0.53,-2.5423,0,5
4,0.59,4.77,-0.54,-0.53,-2.5853,0,5
4,0.59,4.75,-0.54,-0.54,-2.5765,0,5
4,0.59,4.74,-0.54,-0.55,-2.6477,0,5
4,0.59,4.74,-0.54,-0.55,1.884,0,5
4,0.59,4.74,-0.54,-0.56,3.2179,0,5
4,0.59,4.74,-0.54,-0.56,4.0119,0,5
4,0.59,4.74,-0.54,-0.56,3.8757,0,5
4,0.59,4.77,-0.54,-0.55,4.6121,0,5
4,0.59,4.78,-0.54,-0.55,5.8753,0,5
4,0.59,4.79,-0.54,-0.54,3.2686,0,5
4,0.59,4.82,-0.54,-0.52,1.4059,0,5
4,0.59,4.81,-0.54,-0.51,0.102,0,5
4,0.59,4.8,-0.54,-0.49,-0.5762,0,5
4,0.59,4.79,-0.54,-0.51,-1.051,0,5
4,0.59,4.79,-0.54,-0.53,-1.1318,0,5
4,0.59,4.78,-0.54,-0.54,-0.9627,0,5
4,0.59,4.78,-0.54,-0.56,-0.3884,0,5
1,0.6,4.78,-0.54,-0.56,0.6,0,5
1,0.62,4.77,-0.54,-0.58,0.62,5,10
1,0.86,4.9,-0.54,-0.55,0.86,10,10
1,2.31,5.03,-0.54,-0.56,2.31,15,10
1,3.73,5.27,-0.54,-0.54,3.73,20,10
1,5.61,5.57,-0.54,-0.54,5.61,25,10
1,8.03,6.03,-0.54,-0.53,8.03,30,10
1,10.62,6.51,-0.54,-0.52,10.62,35,10
1,12.82,7.09,-0.54,-0.52,12.82,40,10
1,15.74,7.78,-0.54,-0.52,15.74,45,10
1,18.07,8.52,-0.54,-0.53,18.07,50,10
1,20.74,9.2,-0.55,-0.52,20.74,51.44,10
1,22.29,9.71,-0.54,-0.54,22.29,46.44,10
1,23.21,9.92,-0.54,-0.56,23.21,41.44,10
1,22.95,10.02,-0.54,-0.57,22.95,36.44,10
1,22.32,10.03,-0.54,-0.58,22.32,31.44,10
1,20.8,9.92,-0.54,-0.58,20.8,26.44,10
1,19.17,9.72,-0.54,-0.58,19.17,21.44,10
1,17.12,9.47,-0.54,-0.56,17.12,16.44,10
1,15.61,9.56,-0.54,-0.55,15.61,21.44,10
1,14.64,9.61,-0.54,-0.55,14.64,22.21,10
1,13.69,9.65,-0.54,-0.55,13.69,21.08,10
1,13.12,9.66,-0.54,-0.56,13.12,20.15,10
1,12.66,9.68,-0.54,-0.57,12.66,19.74,10
1,11.99,9.71,-0.54,-0.59,11.99,19.37,10
1,11.71,9.77,-0.54,-0.62,11.71,18.83,10
1,10.97,9.81,-0.55,-0.59,10.97,17.79,10
2,10.56,9.84,-0.54,-0.61,0.8051,16.88,10
2,9.48,9.67,-0.54,-0.6,0.6885,16.88,10
2,8.26,9.43,-0.54,-0.59,0.7128,16.88,10
2,5.78,9.37,-0.55,-0.58,0.7844,16.88,10
2,4.14,9.36,-0.55,-0.57,0.78,16.88,10
2,3.06,9.35,-0.54,-0.56,0.7769,16.88,10
4,2.51,8.52,-0.54,-0.54,0.5669,16.88,10
4,2,7.84,-0.54,-0.56,-0.169,0,5
4,1.59,7.29,-0.54,-0.57,-0.9624,0,5
4,1.29,6.89,-0.54,-0.57,-1.4794,0,5
4,1.05,6.53,-0.55,-0.57,-1.3878,0,5
4,0.91,6.18,-0.54,-0.57,-1.4956,0,5
4,0.83,5.9,-0.54,-0.57,-1.6128,0,5
4,0.76,5.62,-0.54,-0.57,-2.0111,0,5
4,0.72,5.38,-0.54,-0.59,-2.2899,0,5
4,0.69,5.18,-0.54,-0.56,-2.4086,0,5
4,0.67,5.01,-0.54,-0.57,-2.5682,0,5
4,0.65,4.85,-0.54,-0.58,-3.0063,0,5
4,0.64,4.69,-0.54,-0.58,-2.9485,0,5
4,0.64,4.49,-0.54,-0.59,-2.8307,0,5
4,0.63,4.32,-0.54,-0.57,-2.7872,0,5
4,0.63,4.19,-0.54,-0.57,-2.7178,0,5
4,0.61,4.16,-0.54,-0.57,-2.6693,0,5
4,0.6,4.21,-0.54,-0.59,-2.3078,0,5
4,0.59,4.32,-0.55,-0.62,-2.0975,0,5
4,0.58,4.46,-0.54,-0.61,-1.9076,0,5
4,0.58,4.52,-0.54,-0.63,-1.983,0,5
4,0.58,4.61,-0.54,-0.63,-1.8701,0,5
4,0.57,4.68,-0.55,-0.63,-1.916,0,5
4,0.58,4.74,-0.55,-0.61,-2.1469,0,5
4,0.57,4.78,-0.54,-0.58,-2.2696,0,5
4,0.56,4.83,-0.55,-0.58,-2.2363,0,5
4,0.56,4.85,-0.54,-0.56,-1.8732,0,5
4,0.56,4.83,-0.54,-0.56,-1.9588,0,5
4,0.57,4.83,-0.54,-0.56,-1.8532,0,5
4,0.58,4.81,-0.54,-0.57,-1.7366,0,5
4,0.59,4.77,-0.54,-0.58,-1.6977,0,5
4,0.59,4.75,-0.55,-0.57,-1.7125,0,5
4,0.59,4.75,-0.54,-0.6,-1.9656,0,5
4,0.59,4.73,-0.54,-0.59,-2.333,0,5
4,0.59,4.77,-0.54,-0.61,-2.3999,0,5
4,0.59,4.8,-0.54,-0.61,-2.5998,0,5
4,0.59,4.81,-0.54,-0.61,-2.5866,0,5
4,0.59,4.83,-0.54,-0.63,-2.5382,0,5
4,0.59,4.85,-0.54,-0.61,-2.4243,0,5
4,0.59,4.85,-0.54,-0.55,-2.2629,0,5
4,0.59,4.83,-0.54,-0.49,-2.2316,0,5
4,0.59,4.83,-0.54,-0.47,-2.0015,0,5
4,0.59,4.82,-0.54,-0.45,-1.8831,0,5
4,0.59,4.81,-0.54,-0.43,-1.535,0,5
4,0.59,4.81,-0.54,-0.45,-1.2914,0,5
4,0.59,4.82,-0.54,-0.5,-1.4282,0,5
4,0.59,4.82,-0.54,-0.55,-1.2624,0,5
4,0.59,4.81,-0.54,-0.57,-1.6112,0,5
4,0.59,4.81,-0.54,-0.59,-1.9719,0,5
4,0.59,4.81,-0.54,-0.61,-1.4069,0,5
4,0.59,4.81,-0.54,-0.62,-1.1081,0,5
1,0.59,4.76,-0.54,-0.63,0.59,0,5
1,0.62,4.75,-0.54,-0.62,0.62,5,10
1,0.85,4.87,-0.55,-0.62,0.85,10,10
1,2.3,5.02,-0.55,-0.61,2.3,15,10
1,3.72,5.25,-0.55,-0.61,3.72,20,10
1,5.67,5.58,-0.55,-0.6,5.67,25,10
1,7.88,6.05,-0.55,-0.57,7.88,30,10
1,10.3,6.56,-0.55,-0.58,10.3,35,10
1,12.69,7.11,-0.54,-0.58,12.69,40,10
1,15.37,7.77,-0.54,-0.6,15.37,45,10
1,18.38,8.49,-0.54,-0.5,18.38,50,10
1,20.78,9.29,-0.54,-0.43,20.78,51.95,10
1,22.24,9.72,-0.54,-0.42,22.24,46.95,10
1,22.99,9.95,-0.54,-0.38,22.99,41.95,10
1,22.95,10.12,-0.54,-0.35,22.95,36.95,10
1,22.41,10.09,-0.54,-0.42,22.41,31.95,10
1,21.17,9.98,-0.54,-0.48,21.17,26.95,10
1,19.49,9.79,-0.54,-0.51,19.49,21.95,10
1,17.33,9.54,-0.54,-0.53,17.33,16.95,10
1,15.68,9.55,-0.54,-0.56,15.68,19.69,10
1,14.88,9.61,-0.54,-0.55,14.88,21.66,10
1,14.12,9.6,-0.54,-0.57,14.12,20.92,10
1,13.46,9.64,-0.54,-0.56,13.46,20.73,10
1,12.92,9.66,-0.54,-0.57,12.92,20.23,10
1,12.26,9.73,-0.54,-0.58,12.26,19.86,10
1,12.22,9.78,-0.54,-0.57,12.22,18.63,10
1,11.7,9.83,-0.54,-0.58,11.7,17.39,10
2,10.95,9.83,-0.54,-0.56,-2.049,16.32,10
2,10.81,9.74,-0.54,-0.57,-2.1618,16.32,10
2,9.32,9.46,-0.54,-0.55,-2.2408,16.32,10
2,6.52,9.33,-0.55,-0.56,-2.3354,16.32,10
2,4.66,9.34,-0.55,-0.52,-2.4015,16.32,10
2,3.49,9.31,-0.54,-0.44,-2.6009,16.32,10
4,2.6,9.17,-0.54,-0.39,-2.5482,16.32,10
4,2.29,8.09,-0.54,-0.34,-2.5505,0,5
4,1.79,7.43,-0.54,-0.32,-2.5129,0,5
4,1.43,6.88,-0.54,-0.29,-2.4468,0,5
4,1.18,6.52,-0.54,-0.37,-2.3604,0,5
4,0.99,6.13,-0.54,-0.44,-2.0045,0,5
4,0.88,5.82,-0.54,-0.47,-1.6658,0,5
4,0.8,5.57,-0.54,-0.5,-1.6054,0,5
4,0.74,5.35,-0.54,-0.51,-1.5199,0,5
4,0.71,5.15,-0.54,-0.54,-1.0905,0,5
4,0.7,4.96,-0.54,-0.55,-0.8866,0,5
4,0.66,4.82,-0.54,-0.55,-1.4263,0,5
4,0.64,4.66,-0.54,-0.57,-1.3507,0,5
4,0.63,4.5,-0.54,-0.57,-0.0307,0,5
4,0.62,4.33,-0.54,-0.59,0.9681,0,5
4,0.61,4.17,-0.55,-0.59,1.1943,0,5
4,0.61,4.14,-0.55,-0.58,1.4141,0,5
4,0.6,4.2,-0.55,-0.58,1.6963,0,5
4,0.6,4.28,-0.55,-0.58,2.5122,0,5
4,0.59,4.39,-0.55,-0.59,1.6352,0,5
4,0.59,4.5,-0.55,-0.56,1.1181,0,5
4,0.58,4.58,-0.55,-0.56,1.181,0,5
4,0.58,4.67,-0.55,-0.54,1.0576,0,5
4,0.57,4.75,-0.55,-0.55,0.7137,0,5
4,0.57,4.79,-0.54,-0.55,0.3763,0,5
4,0.57,4.81,-0.54,-0.52,0.1401,0,5
4,0.55,4.86,-0.54,-0.55,0.329,0,5
4,0.56,4.85,-0.54,-0.54,0.5157,0,5
4,0.57,4.82,-0.54,-0.56,0.4345,0,5
4,0.57,4.81,-0.54,-0.56,-0.5015,0,5
4,0.58,4.8,-0.54,-0.55,-1.1952,0,5
4,0.58,4.81,-0.54,-0.57,-1.5244,0,5
4,0.58,4.8,-0.54,-0.56,-1.8339,0,5
4,0.58,4.79,-0.54,-0.58,-2.1658,0,5
4,0.58,4.77,-0.54,-0.57,-2.3218,0,5
4,0.59,4.74,-0.54,-0.58,-2.5451,0,5
4,0.59,4.74,-0.54,-0.57,-2.8484,0,5
4,0.59,4.75,-0.54,-0.57,-3.2372,0,5
4,0.59,4.77,-0.54,-0.58,-3.4396,0,5
4,0.59,4.8,-0.54,-0.56,-3.6163,0,5
4,0.59,4.81,-0.54,-0.59,-2.9275,0,5
4,0.59,4.81,-0.54,-0.59,-2.5734,0,5
4,0.59,4.8,-0.54,-0.58,-2.2408,0,5
4,0.59,4.82,-0.55,-0.56,-1.495,0,5
4,0.59,4.82,-0.55,-0.54,-1.0235,0,5
4,0.59,4.81,-0.55,-0.53,-1.4042,0,5
4,0.59,4.82,-0.54,-0.51,-1.5899,0,5
4,0.59,4.82,-0.54,-0.54,-1.8404,0,5
4,0.59,4.79,-0.54,-0.55,-1.8952,0,5
4,0.59,4.82,-0.54,-0.55,-2.0144,0,5
4,0.6,4.86,-0.54,-0.56,-2.2922,0,5
4,0.59,4.87,-0.54,-0.57,-2.1704,0,5
1,0.59,4.86,-0.54,-0.57,0.59,0,5
1,0.62,4.88,-0.54,-0.55,0.62,5,10
1,0.85,5.01,-0.54,-0.56,0.85,10,10
1,2.29,5.13,-0.54,-0.55,2.29,15,10
1,3.71,5.34,-0.54,-0.54,3.71,20,10
1,5.74,5.65,-0.54,-0.55,5.74,25,10
1,8.07,6.06,-0.54,-0.53,8.07,30,10
1,10.53,6.55,-0.54,-0.54,10.53,35,10
1,12.91,7.12,-0.54,-0.53,12.91,40,10
1,15.36,7.79,-0.54,-0.53,15.36,45,10
1,18.57,8.5,-0.54,-0.53,18.57,50,10
1,20.93,9.26,-0.54,-0.52,20.93,51.46,10
1,22.74,9.62,-0.54,-0.53,22.74,46.46,10
1,22.79,9.89,-0.54,-0.53,22.79,41.46,10
1,22.5,10,-0.54,-0.55,22.5,36.46,10
1,21.54,9.99,-0.54,-0.54,21.54,31.46,10
1,20.25,9.84,-0.54,-0.55,20.25,26.46,10
1,18.78,9.66,-0.54,-0.55,18.78,21.46,10
1,17.06,9.46,-0.54,-0.56,17.06,17.54,10
1,16.14,9.48,-0.55,-0.57,16.14,22.1,10
1,15.62,9.5,-0.54,-0.56,15.62,23.51,10
1,15.06,9.56,-0.54,-0.58,15.06,23.22,10
1,14.89,9.6,-0.54,-0.57,14.89,22.36,10
1,14.45,9.6,-0.54,-0.56,14.45,21.45,10
1,13.76,9.71,-0.54,-0.56,13.76,21.24,10
1,13.37,9.78,-0.54,-0.54,13.37,19.57,10
2,13.01,9.83,-0.54,-0.54,-1.7246,17.77,10
2,12.39,9.92,-0.54,-0.52,-1.7314,17.77,10
2,10.95,9.7,-0.54,-0.55,-1.8596,17.77,10
2,8.94,9.45,-0.54,-0.57,-1.9895,17.77,10
2,6.26,9.39,-0.54,-0.55,-2.0804,17.77,10
2,4.55,9.37,-0.54,-0.55,-2.3004,17.77,10
4,3.35,9.34,-0.54,-0.54,-2.298,17.77,10
4,2.84,8.07,-0.54,-0.54,-2.4143,0,5
4,2.2,7.4,-0.54,-0.53,-2.4568,0,5
4,1.72,6.84,-0.54,-0.54,-2.6396,0,5
4,1.39,6.46,-0.54,-0.55,-2.5752,0,5
4,1.13,6.12,-0.54,-0.55,-2.5302,0,5
4,0.97,5.81,-0.54,-0.56,-2.4589,0,5
4,0.86,5.57,-0.54,-0.56,-2.5653,0,5
4,0.78,5.32,-0.54,-0.59,-2.7898,0,5
4,0.73,5.14,-0.54,-0.58,-2.8727,0,5
4,0.69,4.94,-0.54,-0.58,-2.968,0,5
4,0.67,4.76,-0.54,-0.57,-3.2862,0,5
4,0.66,4.62,-0.54,-0.55,-3.2944,0,5
4,0.65,4.48,-0.54,-0.53,-3.0336,0,5
4,0.65,4.33,-0.54,-0.51,-2.9676,0,5
4,0.62,4.18,-0.54,-0.52,-1.7919,0,5
4,0.59,4.15,-0.54,-0.5,-0.7377,0,5
4,0.59,4.2,-0.54,-0.51,0.2572,0,5
4,0.59,4.29,-0.54,-0.52,1.023,0,5
4,0.58,4.43,-0.54,-0.55,1.3575,0,5
4,0.59,4.56,-0.54,-0.56,0.1834,0,5
4,0.59,4.73,-0.54,-0.57,-0.5991,0,5
4,0.57,4.86,-0.54,-0.59,-1.1071,0,5
4,0.57,4.96,-0.54,-0.58,-1.4226,0,5
4,0.57,5.01,-0.54,-0.57,-1.6836,0,5
4,0.57,5.06,-0.54,-0.57,-1.3954,0,5
4,0.56,5.08,-0.55,-0.57,-1.1472,0,5
4,0.56,5.02,-0.54,-0.57,-1.3272,0,5
4,0.58,5,-0.54,-0.56,-1.6566,0,5
4,0.57,5,-0.54,-0.56,-1.6838,0,5
4,0.58,4.98,-0.54,-0.55,-1.5747,0,5
4,0.59,4.96,-0.54,-0.54,-1.7901,0,5
4,0.59,4.96,-0.54,-0.56,-2.1352,0,5
4,0.6,4.93,-0.54,-0.55,-2.2614,0,5
4,0.6,4.91,-0.54,-0.57,-1.8907,0,5
4,0.6,4.91,-0.54,-0.56,-2.0903,0,5
4,0.59,4.9,-0.54,-0.56,-1.9452,0,5
4,0.59,4.88,-0.54,-0.55,-2.0093,0,5
4,0.59,4.87,-0.54,-0.55,-1.8459,0,5
4,0.6,4.87,-0.54,-0.55,-1.4154,0,5
4,0.6,4.86,-0.54,-0.54,-1.1612,0,5
4,0.6,4.86,-0.54,-0.55,-0.9362,0,5
4,0.6,4.85,-0.54,-0.55,-0.8722,0,5
4,0.6,4.86,-0.54,-0.55,-0.4856,0,5
4,0.59,4.85,-0.54,-0.55,-0.109,0,5
4,0.59,4.84,-0.54,-0.57,0.0487,0,5
4,0.59,4.83,-0.54,-0.59,-0.0892,0,5
4,0.59,4.84,-0.54,-0.59,-0.5866,0,5
4,0.59,4.87,-0.54,-0.58,-1.0984,0,5
4,0.59,4.88,-0.54,-0.58,-1.6887,0,5
4,0.59,4.87,-0.54,-0.56,-2.0642,0,5
4,0.59,4.88,-0.54,-0.57,-2.3648,0,5
1,0.59,4.89,-0.54,-0.56,0.59,0,5
1,0.62,4.89,-0.54,-0.56,0.62,5,10
1,0.85,5,-0.55,-0.56,0.85,10,10
1,2.3,5.14,-0.54,-0.56,2.3,15,10
1,3.71,5.35,-0.55,-0.56,3.71,20,10
1,5.76,5.64,-0.54,-0.57,5.76,25,10
1,7.67,6.07,-0.54,-0.56,7.67,30,10
1,10.41,6.56,-0.54,-0.55,10.41,35,10
1,12.95,7.11,-0.54,-0.56,12.95,40,10
1,15.78,7.78,-0.54,-0.57,15.78,45,10
1,18.29,8.53,-0.54,-0.59,18.29,50,10
1,20.99,9.21,-0.54,-0.59,20.99,51.16,10
1,22.58,9.7,-0.54,-0.61,22.58,46.16,10
1,23.37,9.94,-0.54,-0.62,23.37,41.16,10
1,23.23,10.05,-0.54,-0.63,23.23,36.16,10
1,22.14,10.02,-0.54,-0.68,22.14,31.16,10
1,20.83,9.87,-0.54,-0.68,20.83,26.16,10
1,19.25,9.71,-0.54,-0.7,19.25,21.16,10
1,17.35,9.47,-0.54,-0.69,17.35,16.35,10
1,15.97,9.55,-0.54,-0.69,15.97,21.35,10
1,15.21,9.58,-0.55,-0.68,15.21,22.16,10
1,14.41,9.61,-0.54,-0.66,14.41,21.41,10
1,14.08,9.65,-0.55,-0.66,14.08,20.88,10
1,13.55,9.67,-0.54,-0.65,13.55,20.06,10
1,13.06,9.69,-0.54,-0.64,13.06,19.45,10
1,12.87,9.75,-0.54,-0.61,12.87,19.15,10
1,12.42,9.77,-0.54,-0.57,12.42,18.21,10
2,12.05,9.8,-0.54,-0.57,-1.4243,17.46,10
2,10.74,9.63,-0.54,-0.54,-1.479,17.46,10
2,9.59,9.41,-0.54,-0.55,-1.1586,17.46,10
2,6.72,9.34,-0.55,-0.53,-1.1633,17.46,10
2,4.86,9.35,-0.54,-0.55,-1.2537,17.46,10
2,3.6,9.35,-0.54,-0.58,-1.7217,17.46,10
4,2.84,8.61,-0.54,-0.59,-1.8121,17.46,10
4,2.31,7.82,-0.54,-0.6,-2.0742,0,5
4,1.81,7.25,-0.54,-0.6,-2.296,0,5
4,1.45,6.85,-0.55,-0.6,-2.4129,0,5
4,1.17,6.51,-0.55,-0.59,-2.5331,0,5
4,1,6.17,-0.55,-0.56,-2.5789,0,5
4,0.88,5.9,-0.55,-0.56,-2.6873,0,5
4,0.8,5.64,-0.55,-0.55,-2.8752,0,5
4,0.74,5.42,-0.55,-0.56,-2.7794,0,5
4,0.72,5.24,-0.54,-0.46,-2.7124,0,5
4,0.69,5.06,-0.54,-0.4,-2.5463,0,5
4,0.66,4.87,-0.54,-0.35,-2.5492,0,5
4,0.64,4.73,-0.54,-0.3,-2.3914,0,5
4,0.63,4.59,-0.54,-0.27,-2.156,0,5
4,0.63,4.43,-0.54,-0.32,-1.7719,0,5
4,0.62,4.3,-0.54,-0.36,-1.7223,0,5
4,0.61,4.16,-0.54,-0.39,-1.4683,0,5
4,0.61,4.14,-0.54,-0.42,-0.5112,0,5
4,0.61,4.15,-0.54,-0.45,-0.5747,0,5
4,0.6,4.22,-0.54,-0.48,-0.3288,0,5
4,0.59,4.33,-0.54,-0.55,-0.9577,0,5
4,0.59,4.38,-0.54,-0.57,-1.4372,0,5
4,0.58,4.47,-0.54,-0.6,-1.7335,0,5
4,0.58,4.53,-0.54,-0.6,-2.2075,0,5
4,0.57,4.65,-0.54,-0.62,-2.3121,0,5
4,0.55,4.74,-0.54,-0.62,-2.3852,0,5
4,0.54,4.79,-0.54,-0.6,-2.5518,0,5
4,0.54,4.82,-0.54,-0.59,-2.6304,0,5
4,0.55,4.79,-0.54,-0.58,-2.7234,0,5
4,0.56,4.76,-0.54,-0.59,-2.5941,0,5
4,0.56,4.73,-0.54,-0.48,-2.5434,0,5
4,0.57,4.68,-0.54,-0.4,-1.4949,0,5
4,0.58,4.7,-0.54,-0.36,-0.7053,0,5
4,0.58,4.7,-0.54,-0.3,-0.0954,0,5
4,0.59,4.68,-0.54,-0.29,0.6397,0,5
4,0.59,4.72,-0.54,-0.28,0.8461,0,5
4,0.59,4.71,-0.54,-0.35,-0.0554,0,5
4,0.59,4.71,-0.54,-0.4,-0.4781,0,5
4,0.59,4.7,-0.54,-0.45,-1.0224,0,5
4,0.59,4.7,-0.54,-0.5,-1.2815,0,5
4,0.59,4.68,-0.54,-0.51,-1.5447,0,5
4,0.59,4.65,-0.54,-0.54,-1.8088,0,5
4,0.6,4.64,-0.54,-0.55,-1.5739,0,5
4,0.6,4.63,-0.54,-0.56,-1.7494,0,5
4,0.59,4.61,-0.54,-0.56,-1.9521,0,5
4,0.59,4.61,-0.54,-0.56,-1.8058,0,5
4,0.59,4.64,-0.54,-0.58,-1.4345,0,5
4,0.59,4.66,-0.54,-0.58,-1.3564,0,5
4,0.59,4.69,-0.54,-0.59,-1.3456,0,5
4,0.59,4.7,-0.54,-0.59,-1.2941,0,5
4,0.59,4.7,-0.54,-0.58,-1.302,0,5
1,0.59,4.7,-0.55,-0.6,0.59,0,5
1,0.62,4.72,-0.55,-0.52,0.62,5,10
1,0.85,4.82,-0.55,-0.49,0.85,10,10
1,2.29,4.98,-0.55,-0.45,2.29,15,10
1,3.71,5.22,-0.55,-0.44,3.71,20,10
1,5.68,5.52,-0.55,-0.41,5.68,25,10
1,8.03,5.92,-0.54,-0.44,8.03,30,10
1,10.85,6.39,-0.54,-0.48,10.85,35,10
1,13.04,6.94,-0.54,-0.49,13.04,40,10
1,15.9,7.62,-0.54,-0.5,15.9,45,10
1,18.45,8.32,-0.54,-0.51,18.45,50,10
1,21.63,9.25,-0.54,-0.52,21.63,55,10
1,23.58,9.79,-0.54,-0.52,23.58,50,10
1,24.43,10.17,-0.54,-0.51,24.43,45,10
1,24.41,10.36,-0.55,-0.53,24.41,40,10
1,23.86,10.41,-0.54,-0.51,23.86,35,10
1,22.85,10.29,-0.55,-0.53,22.85,30,10
1,21.15,10.08,-0.55,-0.51,21.15,25,10
1,19.04,9.83,-0.55,-0.51,19.04,20,10
1,16.94,9.52,-0.55,-0.53,16.94,15,10
1,15.31,9.55,-0.55,-0.51,15.31,19.59,10
1,14.79,9.63,-0.54,-0.52,14.79,21.65,10
1,14.03,9.64,-0.54,-0.5,14.03,20.56,10
1,13.37,9.65,-0.54,-0.55,13.37,19.95,10
1,12.69,9.68,-0.54,-0.57,12.69,19.86,10
1,11.94,9.76,-0.54,-0.59,11.94,19.38,10
1,11.41,9.8,-0.54,-0.61,11.41,17.96,10
2,11.05,9.83,-0.54,-0.6,6.3569,16.84,10
2,10.45,9.78,-0.54,-0.58,3.884,16.84,10
2,9.57,9.5,-0.54,-0.55,2.3227,16.84,10
2,6.7,9.25,-0.54,-0.54,1.2298,16.84,10
2,4.77,9.27,-0.54,-0.53,0.7376,16.84,10
2,3.55,9.25,-0.54,-0.51,0.8018,16.84,10
4,2.64,9.23,-0.54,-0.52,1.2026,16.84,10
4,2.32,8.12,-0.54,-0.54,1.2985,0,5
4,1.8,7.44,-0.54,-0.58,1.3073,0,5
4,1.45,6.92,-0.54,-0.58,0.7446,0,5
4,1.19,6.57,-0.54,-0.58,0.4459,0,5
4,0.99,6.23,-0.54,-0.59,0.1889,0,5
4,0.88,5.94,-0.54,-0.57,-0.4747,0,5
4,0.8,5.71,-0.54,-0.57,-1.138,0,5
4,0.73,5.49,-0.54,-0.55,-0.8719,0,5
4,0.7,5.31,-0.54,-0.55,-1.1762,0,5
4,0.67,5.11,-0.54,-0.55,-1.2194,0,5
4,0.65,4.92,-0.54,-0.56,-1.6592,0,5
4,0.63,4.73,-0.54,-0.55,-1.9283,0,5
4,0.61,4.54,-0.55,-0.54,-2.0773,0,5
4,0.62,4.36,-0.55,-0.56,-2.1419,0,5
4,0.63,4.18,-0.54,-0.56,-2.3815,0,5
4,0.62,4.14,-0.54,-0.57,-2.274,0,5
4,0.61,4.2,-0.54,-0.55,-2.0311,0,5
4,0.6,4.3,-0.55,-0.54,-1.946,0,5
4,0.59,4.42,-0.55,-0.54,-2.129,0,5
4,0.59,4.51,-0.55,-0.52,-2.0972,0,5
4,0.58,4.62,-0.55,-0.54,-1.9922,0,5
4,0.57,4.72,-0.54,-0.54,-2.1613,0,5
4,0.57,4.8,-0.54,-0.55,-2.4328,0,5
4,0.57,4.86,-0.55,-0.57,-2.7698,0,5
4,0.56,4.91,-0.55,-0.58,-3.0058,0,5
4,0.55,4.94,-0.54,-0.59,-3.1709,0,5
4,0.56,4.92,-0.55,-0.58,-2.9864,0,5
4,0.57,4.93,-0.55,-0.58,-2.6975,0,5
4,0.57,4.93,-0.54,-0.56,-2.454,0,5
4,0.58,4.96,-0.54,-0.57,-2.242,0,5
4,0.59,4.98,-0.54,-0.56,-2.1352,0,5
4,0.58,5,-0.55,-0.55,-1.7115,0,5
4,0.59,4.92,-0.54,-0.58,-1.2734,0,5
4,0.59,4.89,-0.54,-0.58,-0.4347,0,5
4,0.59,4.87,-0.54,-0.59,0.0941,0,5
4,0.59,4.84,-0.54,-0.59,0.0889,0,5
4,0.59,4.81,-0.55,-0.6,0.7036,0,5
4,0.59,4.8,-0.54,-0.61,0.0532,0,5
4,0.59,4.81,-0.54,-0.6,-0.5286,0,5
4,0.59,4.85,-0.54,-0.61,-0.7661,0,5
4,0.59,4.89,-0.54,-0.6,-1.224,0,5
4,0.59,4.89,-0.54,-0.6,-1.3389,0,5
4,0.59,4.89,-0.54,-0.58,-1.625,0,5
4,0.59,4.88,-0.54,-0.61,-1.9432,0,5
4,0.59,4.87,-0.54,-0.63,-2.2043,0,5
4,0.59,4.86,-0.54,-0.62,-2.2705,0,5
4,0.59,4.84,-0.54,-0.64,-2.3169,0,5
4,0.59,4.84,-0.54,-0.64,-2.3096,0,5
4,0.59,4.84,-0.54,-0.62,-2.3835,0,5
4,0.59,4.83,-0.54,-0.59,-2.3562,0,5
4,0.59,4.82,-0.54,-0.57,-2.2152,0,5
1,0.59,4.81,-0.54,-0.55,0.59,0,5
1,0.61,4.81,-0.54,-0.53,0.61,5,10
1,0.86,4.94,-0.54,-0.55,0.86,10,10
1,2.29,5.14,-0.54,-0.55,2.29,15,10
1,3.71,5.38,-0.54,-0.57,3.71,20,10
1,5.74,5.72,-0.54,-0.55,5.74,25,10
1,8.43,6.19,-0.54,-0.55,8.43,30,10
1,11.03,6.7,-0.54,-0.58,11.03,35,10
1,13.47,7.26,-0.54,-0.55,13.47,40,10
1,15.74,7.86,-0.54,-0.54,15.74,45,10
1,18.62,8.53,-0.54,-0.53,18.62,50,10
1,20.71,9.15,-0.54,-0.52,20.71,50.4,10
1,22.74,9.58,-0.54,-0.51,22.74,45.4,10
1,23.1,9.78,-0.54,-0.49,23.1,40.4,10
1,22.53,9.87,-0.54,-0.5,22.53,35.4,10
1,21.4,9.88,-0.54,-0.5,21.4,30.4,10
1,20.03,9.71,-0.54,-0.53,20.03,25.4,10
1,18.27,9.51,-0.54,-0.53,18.27,20.4,10
1,16.89,9.42,-0.54,-0.54,16.89,20.75,10
1,15.91,9.51,-0.54,-0.56,15.91,23.86,10
1,15.47,9.59,-0.54,-0.55,15.47,23.43,10
1,15.05,9.65,-0.54,-0.57,15.05,21.8,10
1,14.55,9.66,-0.54,-0.56,14.55,20.38,10
1,14.26,9.73,-0.54,-0.58,14.26,19.74,10
1,13.83,9.77,-0.54,-0.58,13.83,18.7,10
1,13.18,9.81,-0.55,-0.58,13.18,17.67,10
1,12.63,9.86,-0.55,-0.58,12.63,16.81,10
2,11.65,9.89,-0.55,-0.57,-1.8832,16.81,10
2,10.06,9.67,-0.54,-0.59,-2.085,16.81,10
2,8.32,9.44,-0.55,-0.57,-2.0253,16.81,10
2,5.87,9.41,-0.54,-0.57,-1.9836,16.81,10
2,4.26,9.4,-0.54,-0.57,-1.9127,16.81,10
4,3.15,9.41,-0.54,-0.56,-1.9047,16.81,10
4,2.68,8.19,-0.54,-0.57,-1.8153,0,5
4,2.07,7.53,-0.54,-0.57,-2.2278,0,5
4,1.65,6.97,-0.54,-0.55,-2.4036,0,5
4,1.32,6.57,-0.54,-0.53,-2.41,0,5
4,1.07,6.2,-0.54,-0.52,-2.4145,0,5
4,0.94,5.89,-0.54,-0.51,-2.6473,0,5
4,0.85,5.66,-0.54,-0.5,-2.6972,0,5
4,0.78,5.39,-0.54,-0.5,-2.8821,0,5
4,0.75,5.19,-0.54,-0.52,-3.0116,0,5
4,0.71,5.01,-0.54,-0.53,-3.1022,0,5
4,0.68,4.85,-0.54,-0.55,-3.2384,0,5
4,0.65,4.7,-0.54,-0.56,-2.9944,0,5
4,0.64,4.54,-0.54,-0.58,-2.9018,0,5
4,0.63,4.37,-0.54,-0.58,-2.798,0,5
4,0.63,4.21,-0.54,-0.57,-2.6861,0,5
4,0.61,4.2,-0.54,-0.58,-2.7244,0,5
4,0.6,4.25,-0.54,-0.59,-2.5948,0,5
4,0.59,4.35,-0.54,-0.59,-2.1686,0,5
4,0.58,4.49,-0.54,-0.59,-1.5446,0,5
4,0.59,4.57,-0.54,-0.56,-1.2981,0,5
4,0.58,4.66,-0.54,-0.53,-0.8352,0,5
4,0.57,4.74,-0.54,-0.53,-0.1279,0,5
4,0.57,4.8,-0.54,-0.51,-0.9717,0,5
4,0.56,4.83,-0.54,-0.5,-1.5243,0,5
4,0.56,4.88,-0.54,-0.5,-2.0241,0,5
4,0.56,4.93,-0.54,-0.49,-1.8989,0,5
4,0.56,4.91,-0.54,-0.5,-2.096,0,5
4,0.57,4.89,-0.54,-0.5,-1.9493,0,5
4,0.58,4.91,-0.54,-0.51,-1.9303,0,5
4,0.59,4.9,-0.54,-0.51,-1.9582,0,5
4,0.59,4.89,-0.55,-0.54,-2.0982,0,5
4,0.59,4.88,-0.54,-0.56,-2.3129,0,5
4,0.59,4.88,-0.54,-0.56,-2.3858,0,5
4,0.59,4.88,-0.54,-0.59,-2.2359,0,5
4,0.59,4.91,-0.54,-0.57,-1.9174,0,5
4,0.59,4.92,-0.54,-0.6,-1.6048,0,5
4,0.59,4.92,-0.54,-0.61,-1.7303,0,5
4,0.58,4.9,-0.54,-0.6,-1.6073,0,5
4,0.59,4.9,-0.54,-0.62,-1.1517,0,5
4,0.59,4.9,-0.54,-0.62,-1.2882,0,5
4,0.59,4.9,-0.54,-0.48,-1.6685,0,5
4,0.59,4.89,-0.54,-0.38,-1.3849,0,5
4,0.59,4.86,-0.54,-0.31,-1.4514,0,5
4,0.59,4.86,-0.54,-0.25,-1.6636,0,5
4,0.59,4.86,-0.54,-0.21,-1.8523,0,5
4,0.59,4.85,-0.54,-0.21,-1.8208,0,5
4,0.59,4.85,-0.54,-0.31,-1.5372,0,5
4,0.59,4.83,-0.55,-0.4,-1.4721,0,5
4,0.59,4.83,-0.54,-0.43,-1.7973,0,5
4,0.59,4.82,-0.54,-0.47,-0.5517,0,5
4,0.59,4.82,-0.54,-0.51,0.2552,0,5
1,0.59,4.83,-0.54,-0.53,0.59,0,5
1,0.62,4.84,-0.54,-0.56,0.62,5,10
1,0.86,4.95,-0.54,-0.56,0.86,10,10
1,2.3,5.1,-0.54,-0.58,2.3,15,10
1,3.72,5.33,-0.54,-0.59,3.72,20,10
1,5.85,5.63,-0.55,-0.59,5.85,25,10
1,8.29,6.07,-0.54,-0.58,8.29,30,10
1,10.47,6.54,-0.54,-0.55,10.47,35,10
1,13.28,7.16,-0.54,-0.55,13.28,40,10
1,15.63,7.82,-0.54,-0.54,15.63,45,10
1,18.67,8.61,-0.54,-0.54,18.67,50,10
1,20.33,9.29,-0.54,-0.41,20.33,49.67,10
1,21.68,9.69,-0.54,-0.31,21.68,44.67,10
1,22.48,9.9,-0.54,-0.27,22.48,39.67,10
1,22.33,9.97,-0.54,-0.21,22.33,34.67,10
1,21.51,9.88,-0.54,-0.18,21.51,29.67,10
1,20.14,9.75,-0.54,-0.18,20.14,24.67,10
1,18.82,9.58,-0.55,-0.3,18.82,19.67,10
1,16.92,9.47,-0.54,-0.37,16.92,19.48,10
1,15.96,9.49,-0.54,-0.42,15.96,22.61,10
1,14.92,9.55,-0.54,-0.46,14.92,23.26,10
1,14.28,9.6,-0.54,-0.48,14.28,22.46,10
1,14.38,9.61,-0.54,-0.5,14.38,21.38,10
1,13.81,9.66,-0.54,-0.51,13.81,20.88,10
1,13.72,9.76,-0.54,-0.51,13.72,20.08,10
1,12.63,9.77,-0.54,-0.54,12.63,18.28,10
1,12.37,9.81,-0.54,-0.54,12.37,17.48,10
2,11.36,9.85,-0.54,-0.55,-1.8218,16.84,10
2,10.37,9.7,-0.54,-0.55,-1.583,16.84,10
2,8.99,9.44,-0.54,-0.56,-1.4159,16.84,10
2,6.29,9.36,-0.54,-0.55,-1.3872,16.84,10
2,4.53,9.36,-0.54,-0.55,-1.4104,16.84,10
2,3.35,9.34,-0.55,-0.56,-1.5114,16.84,10
4,2.64,8.68,-0.54,-0.52,-1.0846,16.84,10
4,2.15,7.88,-0.54,-0.51,-1.1553,0,5
4,1.68,7.25,-0.54,-0.49,-0.9791,0,5
4,1.35,6.83,-0.54,-0.49,-0.712,0,5
4,1.11,6.48,-0.54,-0.5,-0.4753,0,5
4,0.94,6.11,-0.54,-0.52,-0.456,0,5
4,0.85,5.83,-0.54,-0.53,-0.2962,0,5
4,0.78,5.57,-0.55,-0.52,1.027,0,5
4,0.74,5.31,-0.54,-0.54,2.1397,0,5
4,0.7,5.11,-0.54,-0.53,2.5651,0,5
4,0.67,4.94,-0.54,-0.51,2.437,0,5
4,0.66,4.78,-0.54,-0.52,2.4795,0,5
4,0.63,4.63,-0.54,-0.53,2.5786,0,5
4,0.63,4.49,-0.54,-0.55,0.8109,0,5
4,0.62,4.34,-0.54,-0.55,-0.238,0,5
4,0.62,4.17,-0.54,-0.57,-0.8941,0,5
4,0.6,4.15,-0.54,-0.58,-1.3137,0,5
