STATE,FL_INT,PRES_INT,PRES_EXT,PRES_PAC,Flow,VOLUME,VALVE_INS,REF
1,0,6.2,-0.44,4.88,28.23,4.73,60,10
1,0,7.28,-0.44,5.64,31.22,4.73,65,10
1,0,8.43,-0.44,6.47,34.1,4.73,70,10
1,0,9.5,-0.44,7.27,36.95,4.74,75,10
1,0,10.45,-0.44,7.97,38.62,4.74,75.76,10
1,0,11.41,-0.44,8.73,40.61,4.74,70.76,10
1,0,12.2,-0.44,9.26,41.63,4.74,65.76,10
1,0,12.77,-0.44,9.63,42.11,4.75,60.76,10
1,0,13.2,-0.44,9.93,41.8,4.75,55.76,10
1,0,13.33,-0.44,9.98,41.28,4.75,50.76,10
1,0,13.39,-0.44,9.96,40.57,4.75,45.76,10
1,0,13.34,-0.44,9.89,39.57,4.76,40.76,10
1,0,13.18,-0.44,9.76,38.88,4.76,35.76,10
1,0,12.97,-0.44,9.65,37.42,4.76,30.76,10
1,0,12.76,-0.44,9.53,36.52,4.76,25.76,10
2,0,12.49,-0.44,9.36,34.81,4.77,20.76,10
2,0,12.18,-0.44,9.15,33.19,4.77,20.76,10
2,0,11.6,-0.44,8.73,29.55,4.77,20.76,10
2,0,10.92,-0.44,8.28,27.53,4.77,20.76,10
2,0,10.66,-0.44,8.02,26.09,4.77,20.76,10
2,0,10.41,-0.44,7.82,24.51,4.77,20.76,10
4,0,10.09,-0.44,7.6,22.67,4.78,20.76,10
4,0,9.33,-0.44,6.89,19.83,4.78,0,0
4,0,8.86,-0.44,6.52,18.21,4.78,0,0
4,0,8.4,-0.44,6.2,17.01,4.78,0,0
4,0,8.01,-0.44,5.93,16.08,4.78,0,0
4,0,7.64,-0.44,5.69,15.34,4.78,0,0
4,0,7.32,-0.44,5.45,14.51,4.78,0,0
4,0,7.04,-0.44,5.24,13.57,4.78,0,0
4,0,6.77,-0.44,5.1,12.98,4.78,0,0
4,0,6.56,-0.44,4.98,12.53,4.78,0,0
4,0,6.37,-0.44,4.86,12.11,4.78,0,0
4,0,6.18,-0.44,4.74,11.78,4.78,0,0
4,0,6,-0.44,4.63,11.48,4.79,0,0
4,0,5.83,-0.44,4.47,11.25,4.79,0,0
4,0,5.63,-0.44,4.34,10.86,4.79,0,0
4,0,5.44,-0.44,4.22,10.53,4.79,0,0
4,0,5.27,-0.44,4.08,10.15,4.79,0,0
4,0,5.11,-0.44,3.98,10.02,4.79,0,0
4,0,4.96,-0.44,3.86,9.82,4.79,0,0
4,0,4.8,-0.44,3.75,9.79,4.79,0,0
4,0,4.67,-0.44,3.65,9.37,4.79,0,0
4,0,4.54,-0.44,3.55,8.86,4.79,0,0
4,0,4.42,-0.44,3.47,8.54,4.79,0,0
4,0,4.28,-0.44,3.39,8.73,4.79,0,0
4,0,4.15,-0.44,3.27,8.79,4.79,0,0
4,0,4.02,-0.44,3.15,8.76,4.79,0,0
4,0,3.88,-0.44,3.04,8.58,4.79,0,0
4,0,3.74,-0.44,2.93,8.48,4.79,0,0
4,0,3.62,-0.44,2.81,8.44,4.79,0,0
4,0,3.49,-0.44,2.7,8.12,4.8,0,0
4,0,3.36,-0.44,2.6,7.81,4.8,0,0
4,0,3.24,-0.44,2.5,7.61,4.8,0,0
4,0,3.11,-0.44,2.4,7.59,4.8,0,0
4,0,2.99,-0.44,2.31,7.24,4.8,0,0
4,0,2.88,-0.44,2.2,6.27,4.8,0,0
4,0,2.75,-0.44,2.13,5.35,4.8,0,0
4,0,2.62,-0.44,2.07,4.15,4.8,0,0
4,0,2.5,-0.44,1.99,3.65,4.8,0,0
4,0,2.37,-0.44,1.91,2.4,4.8,0,0
4,0,2.24,-0.44,1.82,0.85,4.8,0,0
4,0,2.11,-0.44,1.71,-0.44,4.8,0,0
4,0,1.99,-0.44,1.61,-1.64,4.8,0,0
4,0,1.87,-0.44,1.51,-2.43,4.8,0,0
4,0,1.76,-0.44,1.41,-3.02,4.8,0,0
4,0,1.64,-0.44,1.32,-3.83,4.8,0,0
4,0,1.53,-0.44,1.21,-4.53,4.8,0,0
4,0,1.42,-0.44,1.12,-5.09,4.8,0,0
4,0,1.29,-0.44,1.01,-5.7,4.8,0,0
4,0,1.17,-0.44,0.92,-6.22,4.8,0,0
4,0,1.05,-0.44,0.83,-6.57,4.8,0,0
4,0,0.95,-0.44,0.75,-7.35,4.8,0,0
4,0,0.84,-0.44,0.68,-7.72,4.8,0,0
1,0,0.74,-0.44,0.6,-8.36,4.79,0,0
1,0,0.94,-0.44,0.75,-4.82,4.79,5,10
1,0,0.98,-0.44,0.85,-1.33,4.79,10,10
1,0,1.13,-0.44,0.96,1.8,4.79,15,10
1,0,1.42,-0.44,1.19,4.83,4.79,20,10
1,0,1.73,-0.44,1.51,7.74,4.8,25,10
1,0,2.07,-0.44,1.81,10.36,4.8,30,10
1,0,2.53,-0.44,2.17,12.81,4.8,35,10
1,0,3.04,-0.44,2.62,15.66,4.8,40,10
1,0,3.58,-0.44,3.05,17.97,4.8,45,10
1,0,4.31,-0.44,3.61,21.13,4.8,50,10
1,0,5.09,-0.44,4.21,24.09,4.8,55,10
1,0,6.02,-0.44,4.91,27.44,4.8,60,10
1,0,7.1,-0.44,5.65,30.58,4.8,65,10
1,0,8.22,-0.44,6.41,33.49,4.81,70,10
1,0,9.29,-0.44,7.13,36.39,4.81,75,10
1,0,10.47,-0.44,7.96,39.17,4.81,79.26,10
1,0,11.42,-0.44,8.56,40.67,4.81,74.26,10
1,0,12.33,-0.44,9.16,42.43,4.82,69.26,10
1,0,12.85,-0.44,9.47,43.03,4.82,64.26,10
1,0,13.32,-0.44,9.79,42.83,4.82,59.26,10
1,0,13.56,-0.44,9.94,42.24,4.82,54.26,10
1,0,13.53,-0.44,10.04,41.85,4.83,49.26,10
1,0,13.54,-0.44,10.06,41.12,4.83,44.26,10
1,0,13.5,-0.44,10.02,40.07,4.83,39.26,10
1,0,13.33,-0.44,9.96,39.15,4.83,34.26,10
2,0,13.14,-0.44,9.83,37.69,4.84,29.26,10
2,0,12.94,-0.44,9.69,36.54,4.84,29.26,10
2,0,12.49,-0.44,9.35,33.87,4.84,29.26,10
2,0,11.67,-0.44,8.73,28.21,4.84,29.26,10
2,0,11.14,-0.44,8.39,26.42,4.84,29.26,10
2,0,10.82,-0.44,8.15,24.9,4.84,29.26,10
4,0,10.53,-0.44,7.95,22.98,4.85,29.26,10
4,0,9.61,-0.44,7.15,17.1,4.85,0,0
4,0,9.1,-0.44,6.76,15.86,4.85,0,0
4,0,8.58,-0.44,6.39,15.26,4.85,0,0
4,0,8.19,-0.44,6.11,14.47,4.85,0,0
4,0,7.79,-0.44,5.87,13.72,4.85,0,0
4,0,7.42,-0.44,5.62,13.21,4.85,0,0
4,0,7.1,-0.44,5.42,12.75,4.85,0,0
4,0,6.81,-0.44,5.23,12.16,4.85,0,0
4,0,6.56,-0.44,5.04,11.39,4.85,0,0
4,0,6.33,-0.44,4.89,10.43,4.85,0,0
4,0,6.11,-0.44,4.75,10,4.86,0,0
4,0,5.91,-0.44,4.59,9.87,4.86,0,0
4,0,5.74,-0.44,4.46,9.3,4.86,0,0
4,0,5.56,-0.44,4.32,9.89,4.86,0,0
4,0,5.38,-0.44,4.18,10.15,4.86,0,0
4,0,5.22,-0.44,4.04,10.41,4.86,0,0
4,0,5.07,-0.44,3.94,10.72,4.86,0,0
4,0,4.98,-0.44,3.83,10.61,4.86,0,0
4,0,4.87,-0.44,3.72,9.6,4.86,0,0
4,0,4.78,-0.44,3.62,8.67,4.86,0,0
4,0,4.66,-0.44,3.51,8.1,4.86,0,0
4,0,4.55,-0.44,3.38,7.7,4.86,0,0
4,0,4.44,-0.44,3.27,7.09,4.86,0,0
4,0,4.28,-0.44,3.16,6.6,4.86,0,0
4,0,4.11,-0.44,3.06,6.27,4.86,0,0
4,0,3.96,-0.44,2.96,5.62,4.86,0,0
4,0,3.81,-0.44,2.88,5.09,4.86,0,0
4,0,3.67,-0.44,2.8,3.95,4.86,0,0
4,0,3.53,-0.44,2.71,3.76,4.86,0,0
4,0,3.41,-0.44,2.62,3.86,4.86,0,0
4,0,3.27,-0.44,2.54,3.87,4.86,0,0
4,0,3.15,-0.44,2.46,3.58,4.86,0,0
4,0,3.03,-0.44,2.38,2.49,4.86,0,0
4,0,2.89,-0.44,2.28,1.61,4.86,0,0
4,0,2.75,-0.44,2.18,1.89,4.86,0,0
4,0,2.62,-0.44,2.1,0.79,4.86,0,0
4,0,2.48,-0.44,2.01,-0.08,4.86,0,0
4,0,2.33,-0.44,1.91,-0.69,4.86,0,0
4,0,2.2,-0.44,1.8,-1.07,4.86,0,0
4,0,2.08,-0.44,1.7,-1.66,4.86,0,0
4,0,1.94,-0.44,1.62,-2.13,4.86,0,0
4,0,1.82,-0.44,1.51,-2.98,4.86,0,0
4,0,1.7,-0.44,1.43,-3.62,4.86,0,0
4,0,1.58,-0.44,1.34,-3.96,4.86,0,0
4,0,1.46,-0.44,1.27,-4.64,4.86,0,0
4,0,1.37,-0.44,1.19,-5.37,4.86,0,0
4,0,1.26,-0.44,1.09,-6.11,4.86,0,0
4,0,1.17,-0.44,0.99,-6.66,4.86,0,0
4,0,1.07,-0.44,0.93,-7.6,4.86,0,0
4,0,0.97,-0.44,0.85,-8.35,4.86,0,0
4,0,0.87,-0.44,0.8,-8.8,4.86,0,0
1,0,0.77,-0.44,0.73,-8.99,4.86,0,0
1,0,0.94,-0.44,0.89,-5.29,4.86,5,10
1,0,0.96,-0.44,0.94,-1.71,4.86,10,10
1,0,1.12,-0.44,1.03,1.93,4.86,15,10
1,0,1.4,-0.44,1.25,5.05,4.86,20,10
1,0,1.71,-0.44,1.49,7.91,4.86,25,10
1,0,2.07,-0.44,1.73,10.79,4.86,30,10
1,0,2.51,-0.44,2.07,13.2,4.86,35,10
1,0,3.02,-0.44,2.5,15.86,4.86,40,10
1,0,3.58,-0.44,2.94,18.48,4.86,45,10
1,0,4.32,-0.44,3.54,21.82,4.87,50,10
1,0,5.17,-0.44,4.2,24.88,4.87,55,10
1,0,6.08,-0.44,4.9,27.99,4.87,60,10
1,0,7.15,-0.44,5.69,31.22,4.87,65,10
1,0,8.23,-0.44,6.49,33.78,4.87,70,10
1,0,9.22,-0.44,7.23,36.19,4.87,75,10
1,0,10.31,-0.44,8.02,38.29,4.88,76.74,10
1,0,11.4,-0.44,8.77,40.17,4.88,71.74,10
1,0,12.26,-0.44,9.36,41.3,4.88,66.74,10
1,0,12.77,-0.44,9.73,41.7,4.88,61.74,10
1,0,13.06,-0.44,9.95,41.9,4.89,56.74,10
1,0,13.29,-0.44,9.97,41.55,4.89,51.74,10
1,0,13.35,-0.44,9.98,41.3,4.89,46.74,10
1,0,13.32,-0.44,9.93,40.22,4.89,41.74,10
1,0,13.12,-0.44,9.78,38.78,4.9,36.74,10
1,0,12.93,-0.44,9.6,37.23,4.9,31.74,10
1,0,12.78,-0.44,9.48,36.29,4.9,26.74,10
2,0,12.54,-0.44,9.31,34.77,4.9,21.74,10
2,0,12.17,-0.44,9.01,32.57,4.91,21.74,10
2,0,11.52,-0.44,8.54,28.24,4.91,21.74,10
2,0,10.93,-0.44,8.18,26.35,4.91,21.74,10
2,0,10.65,-0.44,7.95,25.05,4.91,21.74,10
2,0,10.4,-0.44,7.79,23.32,4.91,21.74,10
4,0,9.71,-0.44,7.26,19.97,4.91,21.74,10
4,0,9.2,-0.44,6.81,18.1,4.91,0,0
4,0,8.7,-0.44,6.44,17.12,4.91,0,0
4,0,8.27,-0.44,6.13,15.9,4.92,0,0
4,0,7.88,-0.44,5.89,15.09,4.92,0,0
4,0,7.51,-0.44,5.65,14.7,4.92,0,0
4,0,7.22,-0.44,5.44,14.13,4.92,0,0
4,0,6.94,-0.44,5.24,13.85,4.92,0,0
4,0,6.69,-0.44,5.03,13.53,4.92,0,0
4,0,6.48,-0.44,4.86,12.97,4.92,0,0
4,0,6.27,-0.44,4.71,12.44,4.92,0,0
4,0,6.07,-0.44,4.57,11.91,4.92,0,0
4,0,5.89,-0.44,4.44,11.5,4.92,0,0
4,0,5.71,-0.44,4.32,11.23,4.92,0,0
4,0,5.54,-0.44,4.21,10.95,4.92,0,0
4,0,5.39,-0.44,4.11,10.76,4.92,0,0
4,0,5.25,-0.44,4.02,10.54,4.93,0,0
4,0,5.12,-0.44,3.92,10.49,4.93,0,0
4,0,4.98,-0.44,3.84,10.36,4.93,0,0
4,0,4.85,-0.44,3.76,10.02,4.93,0,0
4,0,4.72,-0.44,3.68,9.78,4.93,0,0
4,0,4.6,-0.44,3.59,9.27,4.93,0,0
4,0,4.47,-0.44,3.51,8.41,4.93,0,0
4,0,4.33,-0.44,3.38,6.6,4.93,0,0
4,0,4.2,-0.44,3.27,6.06,4.93,0,0
4,0,4.08,-0.44,3.16,5.84,4.93,0,0
4,0,3.95,-0.44,3.06,5.46,4.93,0,0
4,0,3.81,-0.44,2.95,5.06,4.93,0,0
4,0,3.68,-0.44,2.85,5.04,4.93,0,0
4,0,3.54,-0.44,2.79,3.91,4.93,0,0
4,0,3.4,-0.44,2.72,4.29,4.93,0,0
4,0,3.27,-0.44,2.66,4.6,4.93,0,0
4,0,3.12,-0.44,2.6,4.85,4.93,0,0
4,0,2.98,-0.44,2.53,4.87,4.93,0,0
4,0,2.85,-0.44,2.39,5.17,4.93,0,0
4,0,2.71,-0.44,2.26,4.73,4.93,0,0
4,0,2.57,-0.44,2.13,3.66,4.93,0,0
4,0,2.45,-0.44,2,2.21,4.93,0,0
4,0,2.31,-0.44,1.89,0.53,4.93,0,0
4,0,2.18,-0.44,1.78,-0.58,4.93,0,0
4,0,2.05,-0.44,1.69,-1.97,4.93,0,0
4,0,1.93,-0.44,1.61,-2.81,4.93,0,0
4,0,1.8,-0.44,1.51,-3.62,4.93,0,0
4,0,1.68,-0.44,1.43,-3.7,4.93,0,0
4,0,1.58,-0.44,1.34,-4.19,4.93,0,0
4,0,1.48,-0.44,1.25,-4.42,4.93,0,0
4,0,1.38,-0.44,1.15,-4.96,4.93,0,0
4,0,1.28,-0.44,1.04,-5.34,4.93,0,0
4,0,1.17,-0.44,0.95,-5.74,4.93,0,0
4,0,1.06,-0.44,0.87,-6.5,4.93,0,0
4,0,0.96,-0.44,0.79,-7.08,4.93,0,0
1,0,0.85,-0.44,0.7,-7.51,4.93,0,0
1,0,1.03,-0.44,0.84,-3.77,4.93,5,10
1,0,1.06,-0.44,0.91,-0.3,4.93,10,10
1,0,1.22,-0.44,1.05,3.22,4.93,15,10
1,0,1.54,-0.44,1.29,6.37,4.93,20,10
1,0,1.87,-0.44,1.54,9.19,4.93,25,10
1,0,2.2,-0.44,1.78,11.76,4.93,30,10
1,0,2.63,-0.44,2.11,14.57,4.93,35,10
1,0,3.18,-0.44,2.51,16.82,4.93,40,10
1,0,3.67,-0.44,2.93,18.96,4.93,45,10
1,0,4.39,-0.44,3.51,22.12,4.94,50,10
1,0,5.26,-0.44,4.19,25.2,4.94,55,10
1,0,6.16,-0.44,4.9,28.28,4.94,60,10
1,0,7.1,-0.44,5.58,31.14,4.94,65,10
1,0,8.12,-0.44,6.34,33.74,4.94,70,10
1,0,9.22,-0.44,7.11,36.25,4.95,75,10
1,0,10.35,-0.44,7.96,38.72,4.95,79.95,10
1,0,11.59,-0.44,8.81,40.58,4.95,74.95,10
1,0,12.47,-0.44,9.46,41.6,4.95,69.95,10
1,0,13.06,-0.44,9.88,42.71,4.95,64.95,10
1,0,13.42,-0.44,10.09,43.02,4.96,59.95,10
1,0,13.58,-0.44,10.23,42.52,4.96,54.95,10
1,0,13.79,-0.44,10.38,41.73,4.96,49.95,10
1,0,13.74,-0.44,10.35,41.09,4.97,44.95,10
1,0,13.62,-0.44,10.29,40.23,4.97,39.95,10
1,0,13.44,-0.44,10.08,39.18,4.97,34.95,10
1,0,13.21,-0.44,9.91,37.64,4.97,29.95,10
2,0,12.95,-0.44,9.66,35.86,4.97,24.95,10
2,0,12.72,-0.44,9.49,34.62,4.98,24.95,10
2,0,12.14,-0.44,9.03,30.84,4.98,24.95,10
2,0,11.33,-0.44,8.49,28.1,4.98,24.95,10
2,0,11.02,-0.44,8.23,26.49,4.98,24.95,10
2,0,10.71,-0.44,8.05,24.75,4.98,24.95,10
4,0,10.38,-0.44,7.86,22.82,4.98,24.95,10
4,0,9.55,-0.44,7.15,19.48,4.99,0,0
4,0,9.02,-0.44,6.78,18.13,4.99,0,0
4,0,8.52,-0.44,6.43,16.76,4.99,0,0
4,0,8.13,-0.44,6.13,15.76,4.99,0,0
4,0,7.73,-0.44,5.86,14.89,4.99,0,0
4,0,7.37,-0.44,5.6,14.06,4.99,0,0
4,0,7.09,-0.44,5.39,13.34,4.99,0,0
4,0,6.81,-0.44,5.2,12.93,4.99,0,0
4,0,6.57,-0.44,5.02,12.61,4.99,0,0
4,0,6.37,-0.44,4.82,12.32,4.99,0,0
4,0,6.16,-0.44,4.64,11.95,4.99,0,0
4,0,5.97,-0.44,4.47,11.52,4.99,0,0
4,0,5.8,-0.44,4.32,11.05,5,0,0
4,0,5.61,-0.44,4.18,10.81,5,0,0
4,0,5.43,-0.44,4.09,10.8,5,0,0
4,0,5.27,-0.44,4.01,10.4,5,0,0
4,0,5.12,-0.44,3.9,10.05,5,0,0
4,0,4.97,-0.44,3.82,10.01,5,0,0
4,0,4.83,-0.44,3.73,9.91,5,0,0
4,0,4.69,-0.44,3.63,9.62,5,0,0
4,0,4.55,-0.44,3.52,8.8,5,0,0
4,0,4.41,-0.44,3.42,8.26,5,0,0
4,0,4.28,-0.44,3.32,7.78,5,0,0
4,0,4.14,-0.44,3.21,6.71,5,0,0
4,0,4,-0.44,3.11,6.22,5,0,0
4,0,3.87,-0.44,3.01,6.3,5,0,0
4,0,3.73,-0.44,2.9,6.09,5,0,0
4,0,3.59,-0.44,2.8,5.8,5,0,0
4,0,3.47,-0.44,2.7,4.97,5,0,0
4,0,3.33,-0.44,2.61,4.58,5,0,0
4,0,3.21,-0.44,2.5,4.44,5,0,0
4,0,3.1,-0.44,2.43,4.55,5,0,0
4,0,2.99,-0.44,2.35,3.97,5,0,0
4,0,2.88,-0.44,2.26,2.45,5,0,0
4,0,2.76,-0.44,2.16,1.59,5,0,0
4,0,2.64,-0.44,2.06,1.14,5,0,0
4,0,2.48,-0.44,1.94,-0.42,5,0,0
4,0,2.35,-0.44,1.82,-1.96,5,0,0
4,0,2.22,-0.44,1.71,-2.94,5,0,0
4,0,2.09,-0.44,1.61,-3.78,5,0,0
4,0,1.95,-0.44,1.49,-4.44,5,0,0
4,0,1.83,-0.44,1.39,-5.36,5,0,0
4,0,1.72,-0.44,1.28,-6.06,5,0,0
4,0,1.6,-0.44,1.18,-6.52,5,0,0
4,0,1.48,-0.44,1.08,-6.95,5,0,0
4,0,1.38,-0.44,0.96,-7.66,5,0,0
4,0,1.26,-0.44,0.86,-7.71,5,0,0
4,0,1.14,-0.44,0.79,-7.87,5,0,0
4,0,1.03,-0.44,0.72,-8.04,5,0,0
4,0,0.92,-0.44,0.64,-8.06,5,0,0
4,0,0.82,-0.44,0.56,-8.18,5,0,0
1,0,0.7,-0.44,0.48,-8.49,5,0,0
1,0,0.86,-0.44,0.62,-4.47,5,5,10
1,0,0.9,-0.44,0.69,-0.96,5,10,10
1,0,1.03,-0.44,0.79,2.72,5,15,10
1,0,1.3,-0.44,1.03,6.03,5,20,10
1,0,1.61,-0.44,1.3,9.05,5,25,10
1,0,1.94,-0.44,1.56,11.73,5,30,10
1,0,2.37,-0.44,1.92,14.45,5,35,10
1,0,2.88,-0.44,2.34,17.11,5,40,10
1,0,3.5,-0.44,2.82,19.68,5,45,10
1,0,4.21,-0.44,3.41,22.66,5,50,10
1,0,5.06,-0.44,4.05,25.75,5.01,55,10
1,0,5.92,-0.44,4.73,28.32,5.01,60,10
1,0,6.82,-0.44,5.39,31.06,5.01,65,10
1,0,7.97,-0.44,6.24,33.56,5.01,70,10
1,0,9.02,-0.44,7.02,35.85,5.01,75,10
1,0,10.11,-0.44,7.84,38.25,5.02,80,10
1,0,11.16,-0.44,8.58,39.76,5.02,75,10
1,0,12.22,-0.44,9.28,41.36,5.02,70,10
1,0,12.87,-0.44,9.77,41.99,5.02,65,10
1,0,13.39,-0.44,10.07,42.27,5.03,60,10
1,0,13.77,-0.44,10.27,42.35,5.03,55,10
1,0,13.86,-0.44,10.27,41.61,5.03,50,10
1,0,13.83,-0.44,10.27,40.88,5.03,45,10
1,0,13.74,-0.44,10.2,39.67,5.04,40,10
1,0,13.52,-0.44,10.07,38.64,5.04,35,10
2,0,13.29,-0.44,9.91,37.17,5.04,30,10
2,0,13.07,-0.44,9.79,36.31,5.04,30,10
2,0,12.71,-0.44,9.47,33.91,5.04,30,10
2,0,11.89,-0.44,8.87,28.58,5.05,30,10
2,0,11.3,-0.44,8.52,26.79,5.05,30,10
2,0,10.97,-0.44,8.25,25.17,5.05,30,10
4,0,10.68,-0.44,8.04,23.3,5.05,30,10
4,0,9.72,-0.44,7.21,18.01,5.05,0,0
4,0,9.18,-0.44,6.81,16.76,5.05,0,0
4,0,8.63,-0.44,6.38,15.95,5.05,0,0
4,0,8.2,-0.44,6.06,14.94,5.06,0,0
4,0,7.78,-0.44,5.76,14.16,5.06,0,0
4,0,7.41,-0.44,5.46,13.75,5.06,0,0
4,0,7.1,-0.44,5.29,13.2,5.06,0,0
4,0,6.82,-0.44,5.12,12.77,5.06,0,0
4,0,6.59,-0.44,4.98,12.21,5.06,0,0
4,0,6.39,-0.44,4.84,11.7,5.06,0,0
4,0,6.19,-0.44,4.7,11.26,5.06,0,0
4,0,6,-0.44,4.58,10.23,5.06,0,0
4,0,5.79,-0.44,4.47,9.68,5.06,0,0
4,0,5.59,-0.44,4.35,9.28,5.06,0,0
4,0,5.41,-0.44,4.23,8.88,5.06,0,0
4,0,5.23,-0.44,4.12,8.27,5.06,0,0
4,0,5.06,-0.44,4.01,8.38,5.06,0,0
4,0,4.91,-0.44,3.87,8.43,5.06,0,0
4,0,4.75,-0.44,3.72,8.48,5.06,0,0
4,0,4.61,-0.44,3.61,8.78,5.07,0,0
4,0,4.48,-0.44,3.49,8.89,5.07,0,0
4,0,4.34,-0.44,3.37,8.65,5.07,0,0
4,0,4.2,-0.44,3.25,8.42,5.07,0,0
4,0,4.06,-0.44,3.12,8.14,5.07,0,0
4,0,3.93,-0.44,3.02,7.88,5.07,0,0
4,0,3.79,-0.44,2.89,7.62,5.07,0,0
4,0,3.67,-0.44,2.78,8,5.07,0,0
4,0,3.55,-0.44,2.68,8.16,5.07,0,0
4,0,3.42,-0.44,2.6,8.18,5.07,0,0
4,0,3.29,-0.44,2.53,7.87,5.07,0,0
4,0,3.16,-0.44,2.45,7.61,5.07,0,0
4,0,3.03,-0.44,2.37,7.45,5.07,0,0
4,0,2.89,-0.44,2.29,5.34,5.07,0,0
4,0,2.76,-0.44,2.18,3.47,5.07,0,0
4,0,2.62,-0.44,2.08,3.1,5.07,0,0
4,0,2.5,-0.44,1.97,1.54,5.07,0,0
4,0,2.4,-0.44,1.88,0.05,5.07,0,0
4,0,2.27,-0.44,1.78,-0.76,5.07,0,0
4,0,2.15,-0.44,1.68,-1.55,5.07,0,0
4,0,2.03,-0.44,1.59,-2.42,5.07,0,0
4,0,1.92,-0.44,1.5,-3.12,5.07,0,0
4,0,1.8,-0.44,1.41,-3.83,5.07,0,0
4,0,1.7,-0.44,1.32,-4.13,5.07,0,0
4,0,1.59,-0.44,1.25,-4.63,5.07,0,0
4,0,1.48,-0.44,1.15,-5.21,5.07,0,0
4,0,1.36,-0.44,1.06,-5.72,5.07,0,0
4,0,1.24,-0.44,0.97,-6.04,5.07,0,0
4,0,1.13,-0.44,0.88,-6.16,5.07,0,0
4,0,1.01,-0.44,0.8,-6.52,5.07,0,0
4,0,0.89,-0.44,0.72,-6.76,5.07,0,0
4,0,0.79,-0.44,0.62,-7.07,5.07,0,0
1,0,0.68,-0.44,0.54,-7.47,5.07,0,0
1,0,0.88,-0.44,0.67,-3.85,5.07,5,10
1,0,0.91,-0.44,0.76,-0.56,5.07,10,10
1,0,1.06,-0.44,0.85,2.77,5.07,15,10
1,0,1.34,-0.44,1.1,5.84,5.07,20,10
1,0,1.63,-0.44,1.34,8.67,5.07,25,10
1,0,1.98,-0.44,1.6,11.41,5.07,30,10
1,0,2.42,-0.44,1.94,13.7,5.07,35,10
1,0,2.96,-0.44,2.35,16.49,5.07,40,10
1,0,3.51,-0.44,2.8,19.01,5.07,45,10
1,0,4.29,-0.44,3.37,22.05,5.07,50,10
1,0,5.11,-0.44,4.02,24.89,5.07,55,10
1,0,5.98,-0.44,4.74,27.9,5.08,60,10
1,0,7.01,-0.44,5.48,30.68,5.08,65,10
1,0,8.1,-0.44,6.27,33.8,5.08,70,10
1,0,9.16,-0.44,7.07,36.02,5.08,75,10
1,0,10.27,-0.44,7.91,38.79,5.08,80,10
1,0,11.53,-0.44,8.77,40.75,5.09,75,10
1,0,12.5,-0.44,9.44,42.16,5.09,70,10
1,0,13.25,-0.44,9.94,43.06,5.09,65,10
1,0,13.57,-0.44,10.14,42.94,5.1,60,10
1,0,13.86,-0.44,10.34,42.75,5.1,55,10
1,0,13.97,-0.44,10.4,41.97,5.1,50,10
1,0,13.98,-0.44,10.39,41.23,5.1,45,10
1,0,13.85,-0.44,10.28,40.09,5.11,40,10
1,0,13.62,-0.44,10.09,38.77,5.11,35,10
1,0,13.32,-0.44,9.89,37.39,5.11,30,10
2,0,13.03,-0.44,9.65,35.62,5.11,25,10
2,0,12.67,-0.44,9.37,33.85,5.11,25,10
2,0,12,-0.44,8.84,29.23,5.12,25,10
2,0,11.31,-0.44,8.41,27.16,5.12,25,10
2,0,10.98,-0.44,8.15,25.74,5.12,25,10
2,0,10.68,-0.44,7.94,23.99,5.12,25,10
4,0,9.98,-0.44,7.41,20.55,5.12,25,10
4,0,9.39,-0.44,6.9,18.5,5.12,0,0
4,0,8.84,-0.44,6.52,17.45,5.12,0,0
4,0,8.4,-0.44,6.21,16.35,5.12,0,0
4,0,7.98,-0.44,5.96,15.2,5.13,0,0
4,0,7.57,-0.44,5.69,14.66,5.13,0,0
4,0,7.28,-0.44,5.46,13.99,5.13,0,0
4,0,6.99,-0.44,5.25,13.64,5.13,0,0
4,0,6.74,-0.44,5.05,13.2,5.13,0,0
4,0,6.52,-0.44,4.91,12.5,5.13,0,0
4,0,6.33,-0.44,4.76,11.76,5.13,0,0
4,0,6.12,-0.44,4.64,11.41,5.13,0,0
4,0,5.91,-0.44,4.51,11.12,5.13,0,0
4,0,5.71,-0.44,4.38,10.7,5.13,0,0
4,0,5.53,-0.44,4.26,10.05,5.13,0,0
4,0,5.35,-0.44,4.18,9.98,5.13,0,0
4,0,5.19,-0.44,4.09,9.92,5.13,0,0
4,0,5.04,-0.44,3.98,9.59,5.13,0,0
4,0,4.9,-0.44,3.88,9.47,5.14,0,0
4,0,4.76,-0.44,3.78,8.94,5.14,0,0
4,0,4.62,-0.44,3.65,8.61,5.14,0,0
4,0,4.48,-0.44,3.52,8.65,5.14,0,0
4,0,4.35,-0.44,3.4,8.41,5.14,0,0
4,0,4.22,-0.44,3.29,7.51,5.14,0,0
4,0,4.08,-0.44,3.17,7,5.14,0,0
4,0,3.96,-0.44,3.06,6.53,5.14,0,0
4,0,3.83,-0.44,2.95,6.15,5.14,0,0
4,0,3.7,-0.44,2.85,5.7,5.14,0,0
4,0,3.56,-0.44,2.75,4.43,5.14,0,0
4,0,3.43,-0.44,2.67,4.4,5.14,0,0
4,0,3.29,-0.44,2.57,3.15,5.14,0,0
4,0,3.16,-0.44,2.46,2,5.14,0,0
4,0,3.03,-0.44,2.36,1.09,5.14,0,0
4,0,2.9,-0.44,2.26,0.74,5.14,0,0
4,0,2.78,-0.44,2.18,-0.13,5.14,0,0
4,0,2.65,-0.44,2.09,-0.82,5.14,0,0
4,0,2.52,-0.44,2.03,-2.08,5.14,0,0
4,0,2.39,-0.44,1.98,-2.84,5.14,0,0
4,0,2.27,-0.44,1.91,-3.4,5.14,0,0
4,0,2.14,-0.44,1.84,-3.9,5.14,0,0
4,0,2.01,-0.44,1.77,-4.4,5.14,0,0
4,0,1.9,-0.44,1.68,-5.11,5.14,0,0
4,0,1.77,-0.44,1.56,-5.59,5.14,0,0
4,0,1.66,-0.44,1.44,-5.9,5.14,0,0
4,0,1.57,-0.44,1.33,-6.18,5.14,0,0
4,0,1.48,-0.44,1.22,-6.72,5.14,0,0
4,0,1.38,-0.44,1.12,-7,5.14,0,0
4,0,1.28,-0.44,1.02,-7.41,5.14,0,0
4,0,1.19,-0.44,0.92,-7.7,5.14,0,0
4,0,1.08,-0.44,0.84,-7.97,5.14,0,0
4,0,0.95,-0.44,0.75,-8.25,5.14,0,0
1,0,0.82,-0.44,0.66,-8.48,5.13,0,0
1,0,0.98,-0.44,0.82,-4.61,5.13,5,10
1,0,1,-0.44,0.91,-1.04,5.13,10,10
1,0,1.16,-0.44,1.04,2.7,5.13,15,10
1,0,1.46,-0.44,1.3,6.21,5.13,20,10
1,0,1.74,-0.44,1.56,9.29,5.14,25,10
1,0,2.07,-0.44,1.82,12.03,5.14,30,10
1,0,2.5,-0.44,2.11,14.37,5.14,35,10
1,0,2.97,-0.44,2.48,16.56,5.14,40,10
1,0,3.51,-0.44,2.89,19.2,5.14,45,10
1,0,4.22,-0.44,3.45,22.19,5.14,50,10
1,0,5.06,-0.44,4.05,25.08,5.14,55,10
1,0,5.92,-0.44,4.75,28.01,5.14,60,10
1,0,6.98,-0.44,5.55,30.79,5.15,65,10
1,0,8.16,-0.44,6.41,33.59,5.15,70,10
1,0,9.34,-0.44,7.28,36.44,5.15,75,10
1,0,10.35,-0.44,8.08,38.6,5.15,75.5,10
1,0,11.29,-0.44,8.73,39.91,5.15,70.5,10
1,0,11.96,-0.44,9.25,40.78,5.16,65.5,10
1,0,12.46,-0.44,9.47,41.5,5.16,60.5,10
1,0,12.91,-0.44,9.8,41.62,5.16,55.5,10
1,0,13,-0.44,9.8,40.94,5.16,50.5,10
1,0,13.13,-0.44,9.84,40.14,5.17,45.5,10
1,0,13.01,-0.44,9.74,38.87,5.17,40.5,10
1,0,12.87,-0.44,9.6,37.06,5.17,35.5,10
1,0,12.69,-0.44,9.43,36.06,5.17,30.5,10
1,0,12.47,-0.44,9.25,34.98,5.18,25.5,10
2,0,12.25,-0.44,9.06,33.74,5.18,20.5,10
2,0,12.03,-0.44,8.88,32.35,5.18,20.5,10
2,0,11.5,-0.44,8.47,29.08,5.18,20.5,10
2,0,10.84,-0.44,8.05,26.83,5.18,20.5,10
2,0,10.57,-0.44,7.82,25.29,5.18,20.5,10
2,0,10.33,-0.44,7.61,23.49,5.19,20.5,10
4,0,10.07,-0.44,7.46,21.9,5.19,20.5,10
4,0,9.27,-0.44,6.72,18.12,5.19,0,0
4,0,8.79,-0.44,6.36,16.84,5.19,0,0
4,0,8.3,-0.44,6,15.92,5.19,0,0
4,0,7.92,-0.44,5.75,14.97,5.19,0,0
4,0,7.57,-0.44,5.51,14.29,5.19,0,0
4,0,7.21,-0.44,5.24,13.49,5.19,0,0
4,0,6.94,-0.44,5.07,13.03,5.19,0,0
4,0,6.69,-0.44,4.89,12.57,5.19,0,0
4,0,6.46,-0.44,4.74,11.99,5.19,0,0
4,0,6.26,-0.44,4.6,11.46,5.2,0,0
4,0,6.05,-0.44,4.46,11.04,5.2,0,0
4,0,5.87,-0.44,4.34,10.56,5.2,0,0
4,0,5.68,-0.44,4.22,10.59,5.2,0,0
4,0,5.5,-0.44,4.12,10.54,5.2,0,0
4,0,5.32,-0.44,3.99,10.39,5.2,0,0
4,0,5.16,-0.44,3.88,10.11,5.2,0,0
4,0,5,-0.44,3.78,10.21,5.2,0,0
4,0,4.84,-0.44,3.67,10.35,5.2,0,0
4,0,4.71,-0.44,3.57,10.15,5.2,0,0
4,0,4.57,-0.44,3.46,10.05,5.2,0,0
4,0,4.46,-0.44,3.35,10.01,5.2,0,0
4,0,4.34,-0.44,3.24,9.73,5.2,0,0
4,0,4.22,-0.44,3.16,9.52,5.2,0,0
4,0,4.1,-0.44,3.07,8.78,5.2,0,0
4,0,3.97,-0.44,2.97,8.13,5.2,0,0
4,0,3.83,-0.44,2.89,7.44,5.2,0,0
4,0,3.69,-0.44,2.8,6.55,5.21,0,0
4,0,3.55,-0.44,2.7,4.61,5.21,0,0
4,0,3.41,-0.44,2.62,4.29,5.21,0,0
4,0,3.28,-0.44,2.53,3.76,5.21,0,0
4,0,3.13,-0.44,2.44,2.49,5.21,0,0
4,0,3.01,-0.44,2.34,1.12,5.21,0,0
4,0,2.88,-0.44,2.26,-0.44,5.21,0,0
4,0,2.75,-0.44,2.2,-1.68,5.21,0,0
4,0,2.63,-0.44,2.13,-2.81,5.21,0,0
4,0,2.5,-0.44,2.05,-3.58,5.21,0,0
4,0,2.37,-0.44,1.96,-4.32,5.21,0,0
4,0,2.23,-0.44,1.87,-5.4,5.21,0,0
4,0,2.1,-0.44,1.74,-5.99,5.2,0,0
4,0,1.97,-0.44,1.63,-5.73,5.2,0,0
4,0,1.85,-0.44,1.53,-5.82,5.2,0,0
4,0,1.72,-0.44,1.45,-6.03,5.2,0,0
4,0,1.6,-0.44,1.35,-6.2,5.2,0,0
4,0,1.48,-0.44,1.27,-6.03,5.2,0,0
4,0,1.36,-0.44,1.14,-6.53,5.2,0,0
4,0,1.25,-0.44,1,-7.1,5.2,0,0
4,0,1.14,-0.44,0.89,-7.68,5.2,0,0
4,0,1.05,-0.44,0.78,-8.06,5.2,0,0
4,0,0.95,-0.44,0.67,-8.45,5.2,0,0
4,0,0.86,-0.44,0.62,-9.03,5.2,0,0
4,0,0.76,-0.44,0.56,-9.47,5.2,0,0
1,0,0.66,-0.44,0.49,-9.87,5.2,0,0
1,0,0.78,-0.44,0.62,-5.9,5.2,5,10
1,0,0.89,-0.44,0.74,-2.48,5.2,10,10
1,0,1.06,-0.44,0.9,0.7,5.2,15,10
1,0,1.33,-0.44,1.13,4.27,5.2,20,10
1,0,1.65,-0.44,1.39,7.37,5.2,25,10
1,0,2.01,-0.44,1.66,10.07,5.2,30,10
1,0,2.42,-0.44,1.99,12.68,5.2,35,10
1,0,2.92,-0.44,2.4,15.65,5.2,40,10
1,0,3.48,-0.44,2.82,18.51,5.2,45,10
1,0,4.2,-0.44,3.38,21.94,5.2,50,10
1,0,4.93,-0.44,3.93,24.95,5.21,55,10
1,0,5.88,-0.44,4.63,28.01,5.21,60,10
1,0,6.94,-0.44,5.39,30.93,5.21,65,10
1,0,7.95,-0.44,6.19,33.57,5.21,70,10
1,0,9.15,-0.44,7.09,36.35,5.21,75,10
1,0,10.29,-0.44,7.9,39.07,5.22,80,10
1,0,11.3,-0.44,8.64,40.71,5.22,75,10
1,0,12.05,-0.44,9.19,41.98,5.22,70,10
1,0,12.74,-0.44,9.7,42.8,5.22,65,10
1,0,13.19,-0.44,10.01,43.07,5.23,60,10
1,0,13.52,-0.44,10.26,43.18,5.23,55,10
1,0,13.68,-0.44,10.33,42.52,5.23,50,10
1,0,13.61,-0.44,10.24,41.52,5.23,45,10
1,0,13.53,-0.44,10.12,40.29,5.24,40,10
1,0,13.35,-0.44,9.99,38.92,5.24,35,10
2,0,13.17,-0.44,9.84,37.84,5.24,30,10
2,0,12.98,-0.44,9.68,36.72,5.24,30,10
2,0,12.65,-0.44,9.38,34.51,5.24,30,10
2,0,11.92,-0.44,8.82,29.7,5.25,30,10
2,0,11.34,-0.44,8.44,27.43,5.25,30,10
2,0,11,-0.44,8.2,25.64,5.25,30,10
4,0,10.7,-0.44,8,23.63,5.25,30,10
4,0,9.77,-0.44,7.18,18.03,5.25,0,0
4,0,9.23,-0.44,6.8,16.79,5.25,0,0
4,0,8.66,-0.44,6.42,15.7,5.25,0,0
4,0,8.23,-0.44,6.11,14.95,5.26,0,0
4,0,7.81,-0.44,5.85,14.54,5.26,0,0
4,0,7.42,-0.44,5.57,14.3,5.26,0,0
4,0,7.12,-0.44,5.35,13.99,5.26,0,0
4,0,6.83,-0.44,5.14,13.66,5.26,0,0
4,0,6.57,-0.44,4.94,12.8,5.26,0,0
4,0,6.36,-0.44,4.79,12.42,5.26,0,0
4,0,6.15,-0.44,4.64,11.96,5.26,0,0
4,0,5.95,-0.44,4.5,11.4,5.26,0,0
4,0,5.76,-0.44,4.36,10.99,5.26,0,0
4,0,5.57,-0.44,4.22,10.66,5.26,0,0
4,0,5.39,-0.44,4.12,10.62,5.26,0,0
4,0,5.21,-0.44,4.01,10.29,5.26,0,0
4,0,5.06,-0.44,3.91,9.89,5.26,0,0
4,0,4.91,-0.44,3.81,9.68,5.27,0,0
4,0,4.75,-0.44,3.7,9.58,5.27,0,0
4,0,4.61,-0.44,3.57,8.44,5.27,0,0
4,0,4.46,-0.44,3.44,7.75,5.27,0,0
4,0,4.31,-0.44,3.31,6.98,5.27,0,0
4,0,4.18,-0.44,3.2,6.28,5.27,0,0
4,0,4.04,-0.44,3.11,4.89,5.27,0,0
4,0,3.9,-0.44,3.01,5.14,5.27,0,0
4,0,3.78,-0.44,2.94,5.33,5.27,0,0
4,0,3.64,-0.44,2.87,5.25,5.27,0,0
4,0,3.5,-0.44,2.79,5.26,5.27,0,0
4,0,3.37,-0.44,2.72,5.06,5.27,0,0
4,0,3.23,-0.44,2.64,4.83,5.27,0,0
4,0,3.11,-0.44,2.52,4.79,5.27,0,0
4,0,2.99,-0.44,2.39,4.89,5.27,0,0
4,0,2.87,-0.44,2.28,4.24,5.27,0,0
4,0,2.74,-0.44,2.15,3.02,5.27,0,0
4,0,2.62,-0.44,2.04,1.61,5.27,0,0
4,0,2.5,-0.44,1.94,0.41,5.27,0,0
4,0,2.38,-0.44,1.85,-0.8,5.27,0,0
4,0,2.25,-0.44,1.74,-1.82,5.27,0,0
4,0,2.13,-0.44,1.64,-2.83,5.27,0,0
4,0,2,-0.44,1.54,-3.5,5.27,0,0
4,0,1.87,-0.44,1.44,-3.74,5.27,0,0
4,0,1.74,-0.44,1.35,-4.12,5.27,0,0
4,0,1.62,-0.44,1.25,-4.53,5.27,0,0
4,0,1.49,-0.44,1.17,-5.13,5.27,0,0
4,0,1.37,-0.44,1.09,-5.17,5.27,0,0
4,0,1.25,-0.44,1.01,-5.98,5.27,0,0
4,0,1.16,-0.44,0.92,-6.88,5.27,0,0
4,0,1.05,-0.44,0.83,-7.38,5.27,0,0
4,0,0.95,-0.44,0.76,-8,5.27,0,0
4,0,0.85,-0.44,0.68,-8.47,5.27,0,0
4,0,0.76,-0.44,0.6,-8.84,5.27,0,0
1,0,0.66,-0.44,0.51,-8.74,5.27,0,0
1,0,0.75,-0.44,0.58,-4.14,5.27,5,10
1,0,0.86,-0.44,0.67,-0.62,5.27,10,10
1,0,1.03,-0.44,0.82,2.78,5.27,15,10
1,0,1.24,-0.44,1.02,6.12,5.27,20,10
1,0,1.57,-0.44,1.27,8.99,5.27,25,10
1,0,1.94,-0.44,1.57,11.36,5.27,30,10
1,0,2.33,-0.44,1.9,13.79,5.27,35,10
1,0,2.81,-0.44,2.27,16.33,5.27,40,10
1,0,3.44,-0.44,2.76,18.96,5.27,45,10
1,0,4.16,-0.44,3.3,21.84,5.27,50,10
1,0,4.99,-0.44,3.96,25.12,5.27,55,10
1,0,5.92,-0.44,4.69,28.06,5.27,60,10
1,0,7,-0.44,5.51,30.93,5.28,65,10
1,0,8.1,-0.44,6.31,33.56,5.28,70,10
1,0,9.26,-0.44,7.16,35.87,5.28,75,10
1,0,10.42,-0.44,8,38.54,5.28,78.86,10
1,0,11.4,-0.44,8.66,40.32,5.29,73.86,10
1,0,12.37,-0.44,9.3,41.44,5.29,68.86,10
1,0,12.84,-0.44,9.6,42.13,5.29,63.86,10
1,0,13.39,-0.44,9.98,42.45,5.29,58.86,10
1,0,13.69,-0.44,10.13,42.04,5.3,53.86,10
1,0,13.8,-0.44,10.19,41.38,5.3,48.86,10
1,0,13.71,-0.44,10.1,40.27,5.3,43.86,10
1,0,13.45,-0.44,9.89,39.15,5.3,38.86,10
1,0,13.3,-0.44,9.76,38.02,5.3,33.86,10
1,0,13.13,-0.44,9.64,36.92,5.31,28.86,10
2,0,12.86,-0.44,9.46,35.35,5.31,23.86,10
2,0,12.54,-0.44,9.23,33.49,5.31,23.86,10
2,0,11.86,-0.44,8.74,28.94,5.31,23.86,10
2,0,11.18,-0.44,8.36,26.88,5.31,23.86,10
2,0,10.87,-0.44,8.14,25.26,5.32,23.86,10
2,0,10.58,-0.44,7.94,23.37,5.32,23.86,10
4,0,9.95,-0.44,7.46,19.55,5.32,23.86,10
4,0,9.33,-0.44,6.9,17.3,5.32,0,0
4,0,8.77,-0.44,6.51,16.1,5.32,0,0
4,0,8.3,-0.44,6.17,15.14,5.32,0,0
4,0,7.87,-0.44,5.89,14.48,5.32,0,0
4,0,7.47,-0.44,5.61,14.01,5.32,0,0
4,0,7.19,-0.44,5.37,13.58,5.32,0,0
4,0,6.94,-0.44,5.16,13.21,5.32,0,0
4,0,6.72,-0.44,4.96,12.85,5.33,0,0
4,0,6.52,-0.44,4.81,12.4,5.33,0,0
4,0,6.33,-0.44,4.67,12.1,5.33,0,0
4,0,6.15,-0.44,4.56,11.8,5.33,0,0
4,0,5.94,-0.44,4.47,11.27,5.33,0,0
4,0,5.73,-0.44,4.36,10.92,5.33,0,0
4,0,5.53,-0.44,4.26,10.54,5.33,0,0
4,0,5.35,-0.44,4.15,10.8,5.33,0,0
4,0,5.18,-0.44,4.05,10.64,5.33,0,0
4,0,5.01,-0.44,3.87,10.57,5.33,0,0
4,0,4.86,-0.44,3.71,10.39,5.33,0,0
4,0,4.7,-0.44,3.55,10.21,5.33,0,0
4,0,4.55,-0.44,3.39,9.67,5.33,0,0
4,0,4.41,-0.44,3.27,9.19,5.33,0,0
4,0,4.27,-0.44,3.19,8.84,5.33,0,0
4,0,4.13,-0.44,3.09,8.61,5.34,0,0
4,0,4.01,-0.44,3,8.06,5.34,0,0
4,0,3.89,-0.44,2.92,7.9,5.34,0,0
4,0,3.76,-0.44,2.82,7.77,5.34,0,0
4,0,3.64,-0.44,2.73,7.33,5.34,0,0
4,0,3.5,-0.44,2.65,6.92,5.34,0,0
4,0,3.35,-0.44,2.55,6.59,5.34,0,0
4,0,3.2,-0.44,2.46,6.26,5.34,0,0
4,0,3.07,-0.44,2.37,5.79,5.34,0,0
4,0,2.93,-0.44,2.28,4.12,5.34,0,0
4,0,2.8,-0.44,2.15,2.78,5.34,0,0
4,0,2.67,-0.44,2.03,1.04,5.34,0,0
4,0,2.54,-0.44,1.92,-0.54,5.34,0,0
4,0,2.42,-0.44,1.81,-1.62,5.34,0,0
4,0,2.3,-0.44,1.71,-2.52,5.34,0,0
4,0,2.17,-0.44,1.63,-3.15,5.34,0,0
4,0,2.04,-0.44,1.55,-3.98,5.34,0,0
4,0,1.91,-0.44,1.46,-4.31,5.34,0,0
4,0,1.79,-0.44,1.38,-4.82,5.34,0,0
4,0,1.66,-0.44,1.28,-5.19,5.34,0,0
4,0,1.55,-0.44,1.2,-5.53,5.34,0,0
4,0,1.44,-0.44,1.11,-6.12,5.34,0,0
4,0,1.32,-0.44,1.03,-6.53,5.34,0,0
4,0,1.21,-0.44,0.92,-6.73,5.34,0,0
4,0,1.09,-0.44,0.84,-6.56,5.34,0,0
4,0,0.98,-0.44,0.73,-6.53,5.34,0,0
4,0,0.87,-0.44,0.66,-6.56,5.33,0,0
4,0,0.78,-0.44,0.59,-6.75,5.33,0,0
4,0,0.68,-0.44,0.5,-7.28,5.33,0,0
1,0,0.68,-0.44,0.44,-8.38,5.33,0,0
1,0,0.8,-0.44,0.62,-4.25,5.33,5,10
1,0,0.86,-0.44,0.7,-0.76,5.33,10,10
1,0,1.02,-0.44,0.85,2.35,5.33,15,10
1,0,1.31,-0.44,1.1,5.35,5.33,20,10
1,0,1.64,-0.44,1.36,7.88,5.33,25,10
1,0,2,-0.44,1.63,10.65,5.33,30,10
1,0,2.48,-0.44,2.01,13.35,5.34,35,10
1,0,2.97,-0.44,2.4,16.03,5.34,40,10
1,0,3.54,-0.44,2.84,18.54,5.34,45,10
1,0,4.31,-0.44,3.44,21.33,5.34,50,10
1,0,5.15,-0.44,4.08,24.26,5.34,55,10
1,0,6.02,-0.44,4.78,27.58,5.34,60,10
1,0,7.11,-0.44,5.55,30.56,5.34,65,10
1,0,8.18,-0.44,6.33,33.39,5.35,70,10
1,0,9.27,-0.44,7.09,35.61,5.35,75,10
1,0,10.41,-0.44,7.98,38.48,5.35,80,10
1,0,11.55,-0.44,8.82,40.29,5.35,75,10
1,0,12.38,-0.44,9.38,41.47,5.36,70,10
1,0,12.99,-0.44,9.82,42.51,5.36,65,10
1,0,13.44,-0.44,10.09,42.92,5.36,60,10
1,0,13.82,-0.44,10.3,42.55,5.36,55,10
1,0,13.96,-0.44,10.39,42.14,5.37,50,10
1,0,13.87,-0.44,10.26,41.32,5.37,45,10
1,0,13.7,-0.44,10.15,40.42,5.37,40,10
1,0,13.5,-0.44,9.93,39.06,5.37,35,10
2,0,13.29,-0.44,9.79,37.67,5.37,30,10
2,0,13.03,-0.44,9.63,36.39,5.38,30,10
2,0,12.52,-0.44,9.23,33.53,5.38,30,10
2,0,11.49,-0.44,8.55,29.59,5.38,30,10
2,0,11.12,-0.44,8.31,27.49,5.38,30,10
2,0,10.77,-0.44,8.08,25.58,5.38,30,10
4,0,10.49,-0.44,7.94,23.32,5.39,30,10
4,0,9.61,-0.44,7.19,19.58,5.39,0,0
4,0,9.05,-0.44,6.8,18.03,5.39,0,0
4,0,8.53,-0.44,6.37,17.12,5.39,0,0
4,0,8.12,-0.44,6.05,16.07,5.39,0,0
4,0,7.72,-0.44,5.74,15.61,5.39,0,0
4,0,7.35,-0.44,5.45,15.36,5.39,0,0
4,0,7.06,-0.44,5.22,15.12,5.39,0,0
4,0,6.78,-0.44,5,14.76,5.39,0,0
4,0,6.54,-0.44,4.83,14.23,5.39,0,0
4,0,6.33,-0.44,4.69,13.78,5.39,0,0
4,0,6.11,-0.44,4.54,13.12,5.4,0,0
4,0,5.91,-0.44,4.41,12.52,5.4,0,0
4,0,5.73,-0.44,4.29,11.88,5.4,0,0
4,0,5.54,-0.44,4.19,11.41,5.4,0,0
4,0,5.35,-0.44,4.09,10.86,5.4,0,0
4,0,5.2,-0.44,3.99,10.41,5.4,0,0
4,0,5.06,-0.44,3.89,10.16,5.4,0,0
4,0,4.92,-0.44,3.78,9.75,5.4,0,0
4,0,4.79,-0.44,3.66,9.45,5.4,0,0
4,0,4.66,-0.44,3.53,9.18,5.4,0,0
4,0,4.52,-0.44,3.44,9.07,5.4,0,0
4,0,4.37,-0.44,3.33,8.84,5.4,0,0
4,0,4.24,-0.44,3.21,8.68,5.4,0,0
4,0,4.1,-0.44,3.1,8.6,5.4,0,0
4,0,3.97,-0.44,3.03,8.34,5.4,0,0
4,0,3.85,-0.44,2.96,8.28,5.4,0,0
4,0,3.71,-0.44,2.89,7.11,5.4,0,0
4,0,3.57,-0.44,2.81,6.47,5.41,0,0
4,0,3.44,-0.44,2.73,5.78,5.41,0,0
4,0,3.3,-0.44,2.6,5.22,5.41,0,0
4,0,3.14,-0.44,2.47,4.66,5.41,0,0
4,0,3.03,-0.44,2.36,4.06,5.41,0,0
4,0,2.9,-0.44,2.24,2.45,5.41,0,0
4,0,2.77,-0.44,2.14,1.58,5.41,0,0
4,0,2.64,-0.44,2.03,0.39,5.41,0,0
4,0,2.52,-0.44,1.96,-1.02,5.41,0,0
4,0,2.39,-0.44,1.87,-2.1,5.41,0,0
4,0,2.26,-0.44,1.77,-2.96,5.41,0,0
4,0,2.14,-0.44,1.68,-3.65,5.41,0,0
4,0,2.01,-0.44,1.58,-4.2,5.41,0,0
4,0,1.89,-0.44,1.52,-4.64,5.41,0,0
4,0,1.77,-0.44,1.46,-5.18,5.41,0,0
4,0,1.68,-0.44,1.39,-5.32,5.41,0,0
4,0,1.59,-0.44,1.33,-5.33,5.4,0,0
4,0,1.49,-0.44,1.26,-5.64,5.4,0,0
4,0,1.4,-0.44,1.19,-6.02,5.4,0,0
4,0,1.3,-0.44,1.06,-6.1,5.4,0,0
4,0,1.2,-0.44,0.94,-7.12,5.4,0,0
4,0,1.08,-0.44,0.83,-7.91,5.4,0,0
4,0,0.96,-0.44,0.72,-8.68,5.4,0,0
4,0,0.84,-0.44,0.63,-9.29,5.4,0,0
1,0,0.75,-0.44,0.57,-9.81,5.4,0,0
1,0,0.9,-0.44,0.72,-5.82,5.4,5,10
1,0,0.96,-0.44,0.83,-2.16,5.4,10,10
1,0,1.09,-0.44,0.97,1.38,5.4,15,10
1,0,1.35,-0.44,1.21,4.71,5.4,20,10
1,0,1.66,-0.44,1.47,7.81,5.4,25,10
1,0,2.02,-0.44,1.72,10.58,5.4,30,10
1,0,2.41,-0.44,2.05,13.13,5.4,35,10
1,0,2.95,-0.44,2.47,16.14,5.4,40,10
1,0,3.58,-0.44,2.9,18.81,5.4,45,10
1,0,4.31,-0.44,3.44,21.82,5.41,50,10
1,0,5.1,-0.44,4.07,24.82,5.41,55,10
1,0,6.02,-0.44,4.76,28.05,5.41,60,10
1,0,7.04,-0.44,5.5,31.33,5.41,65,10
1,0,8.14,-0.44,6.35,34.25,5.41,70,10
1,0,9.25,-0.44,7.15,36.64,5.42,75,10
1,0,10.48,-0.44,8.03,39.11,5.42,79.04,10
1,0,11.49,-0.44,8.76,41.08,5.42,74.04,10
1,0,12.43,-0.44,9.41,42.82,5.42,69.04,10
1,0,12.9,-0.44,9.75,43.13,5.43,64.04,10
1,0,13.32,-0.44,10,43.68,5.43,59.04,10
1,0,13.66,-0.44,10.24,43.3,5.43,54.04,10
1,0,13.73,-0.44,10.3,42.3,5.43,49.04,10
1,0,13.71,-0.44,10.26,41.06,5.44,44.04,10
1,0,13.61,-0.44,10.16,39.76,5.44,39.04,10
1,0,13.36,-0.44,10,38.02,5.44,34.04,10
1,0,13.1,-0.44,9.81,36.68,5.44,29.04,10
2,0,12.85,-0.44,9.62,35.46,5.44,24.04,10
2,0,12.37,-0.44,9.27,32.83,5.45,24.04,10
2,0,11.63,-0.44,8.71,28.03,5.45,24.04,10
2,0,11.06,-0.44,8.35,26.41,5.45,24.04,10
2,0,10.76,-0.44,8.11,25.17,5.45,24.04,10
4,0,10.49,-0.44,7.91,23.6,5.45,24.04,10
4,0,9.56,-0.44,7.07,19.21,5.45,0,0
4,0,9.03,-0.44,6.69,17.55,5.46,0,0
4,0,8.5,-0.44,6.32,16.43,5.46,0,0
4,0,8.09,-0.44,6.04,15.33,5.46,0,0
4,0,7.69,-0.44,5.77,14.41,5.46,0,0
4,0,7.32,-0.44,5.5,13.84,5.46,0,0
4,0,7.01,-0.44,5.28,13.07,5.46,0,0
4,0,6.73,-0.44,5.08,12.39,5.46,0,0
4,0,6.5,-0.44,4.89,11.88,5.46,0,0
4,0,6.31,-0.44,4.74,11.59,5.46,0,0
4,0,6.11,-0.44,4.59,11.39,5.46,0,0
4,0,5.93,-0.44,4.45,11.02,5.46,0,0
4,0,5.74,-0.44,4.31,10.87,5.46,0,0
4,0,5.54,-0.44,4.18,10.66,5.46,0,0
4,0,5.34,-0.44,4.05,10.68,5.46,0,0
4,0,5.17,-0.44,3.96,10.27,5.47,0,0
4,0,5,-0.44,3.84,10.12,5.47,0,0
4,0,4.84,-0.44,3.71,9.79,5.47,0,0
4,0,4.69,-0.44,3.61,9.76,5.47,0,0
4,0,4.57,-0.44,3.51,9.08,5.47,0,0
4,0,4.45,-0.44,3.39,8.88,5.47,0,0
4,0,4.34,-0.44,3.27,8.27,5.47,0,0
4,0,4.22,-0.44,3.16,7.1,5.47,0,0
4,0,4.09,-0.44,3.06,4.88,5.47,0,0
4,0,3.97,-0.44,2.96,3.53,5.47,0,0
4,0,3.84,-0.44,2.86,3.31,5.47,0,0
4,0,3.7,-0.44,2.76,1.84,5.47,0,0
4,0,3.57,-0.44,2.66,0.96,5.47,0,0
4,0,3.44,-0.44,2.54,1.55,5.47,0,0
4,0,3.3,-0.44,2.45,2.02,5.47,0,0
4,0,3.15,-0.44,2.36,2.47,5.47,0,0
4,0,3.01,-0.44,2.26,2.84,5.47,0,0
4,0,2.87,-0.44,2.16,1.47,5.47,0,0
4,0,2.74,-0.44,2.05,0.45,5.47,0,0
4,0,2.61,-0.44,1.95,-0.71,5.47,0,0
4,0,2.46,-0.44,1.84,-1.8,5.47,0,0
4,0,2.32,-0.44,1.74,-2.77,5.47,0,0
4,0,2.19,-0.44,1.63,-3.68,5.47,0,0
4,0,2.05,-0.44,1.55,-4.49,5.47,0,0
4,0,1.93,-0.44,1.46,-4.92,5.47,0,0
4,0,1.8,-0.44,1.38,-5.6,5.47,0,0
4,0,1.7,-0.44,1.31,-6.15,5.47,0,0
4,0,1.59,-0.44,1.22,-6.58,5.47,0,0
4,0,1.48,-0.44,1.15,-7,5.47,0,0
4,0,1.38,-0.44,1.07,-7.23,5.47,0,0
4,0,1.27,-0.44,0.99,-7.73,5.47,0,0
4,0,1.17,-0.44,0.91,-8.34,5.47,0,0
4,0,1.05,-0.44,0.84,-8.91,5.47,0,0
4,0,0.93,-0.44,0.71,-9.34,5.47,0,0
4,0,0.83,-0.44,0.6,-9.02,5.47,0,0
4,0,0.73,-0.44,0.49,-9.16,5.46,0,0
1,0,0.63,-0.44,0.38,-9.03,5.46,0,0
1,0,0.66,-0.44,0.44,-4.85,5.46,5,10
1,0,0.81,-0.44,0.56,-1.29,5.46,10,10
1,0,0.95,-0.44,0.73,2.25,5.46,15,10
1,0,1.19,-0.44,0.95,5.8,5.46,20,10
1,0,1.53,-0.44,1.25,8.93,5.46,25,10
1,0,1.92,-0.44,1.57,11.7,5.47,30,10
1,0,2.35,-0.44,1.95,14.6,5.47,35,10
1,0,2.88,-0.44,2.33,16.77,5.47,40,10
1,0,3.51,-0.44,2.82,19.42,5.47,45,10
1,0,4.24,-0.44,3.4,22.41,5.47,50,10
1,0,5.06,-0.44,4.02,25.26,5.47,55,10
1,0,5.98,-0.44,4.7,28.27,5.47,60,10
1,0,7,-0.44,5.47,31.12,5.47,65,10
1,0,8.02,-0.44,6.2,33.86,5.48,70,10
1,0,9.18,-0.44,7.01,36.41,5.48,75,10
1,0,10.46,-0.44,7.96,39.16,5.48,80,10
1,0,11.54,-0.44,8.74,40.29,5.48,75,10
1,0,12.39,-0.44,9.35,41.62,5.49,70,10
1,0,13.1,-0.44,9.82,42.67,5.49,65,10
1,0,13.62,-0.44,10.18,43.15,5.49,60,10
1,0,14.01,-0.44,10.37,42.95,5.49,55,10
1,0,14.05,-0.44,10.37,42.36,5.5,50,10
1,0,14.04,-0.44,10.35,41.75,5.5,45,10
1,0,13.93,-0.44,10.28,40.85,5.5,40,10
1,0,13.72,-0.44,10.17,39.37,5.5,35,10
1,0,13.46,-0.44,10,38.14,5.51,30,10
2,0,13.16,-0.44,9.78,36.17,5.51,25,10
2,0,12.83,-0.44,9.52,34.43,5.51,25,10
2,0,12.19,-0.44,8.98,29.99,5.51,25,10
2,0,11.48,-0.44,8.51,27.53,5.51,25,10
2,0,11.17,-0.44,8.26,26.02,5.52,25,10
2,0,10.87,-0.44,8.03,24.25,5.52,25,10
4,0,10.29,-0.44,7.6,21.23,5.52,25,10
4,0,9.61,-0.44,6.99,18.48,5.52,0,0
4,0,9.01,-0.44,6.6,17.1,5.52,0,0
4,0,8.52,-0.44,6.29,16.1,5.52,0,0
4,0,8.07,-0.44,6.02,15.09,5.52,0,0
4,0,7.65,-0.44,5.76,14.52,5.52,0,0
4,0,7.31,-0.44,5.52,13.73,5.52,0,0
4,0,7,-0.44,5.32,13.33,5.52,0,0
4,0,6.74,-0.44,5.12,13.16,5.53,0,0
4,0,6.5,-0.44,4.95,12.82,5.53,0,0
4,0,6.29,-0.44,4.79,12.52,5.53,0,0
4,0,6.08,-0.44,4.63,12.13,5.53,0,0
4,0,5.87,-0.44,4.48,11.86,5.53,0,0
4,0,5.68,-0.44,4.36,11.6,5.53,0,0
4,0,5.46,-0.44,4.23,10.98,5.53,0,0
4,0,5.28,-0.44,4.13,10.28,5.53,0,0
4,0,5.11,-0.44,4.03,9.76,5.53,0,0
4,0,4.95,-0.44,3.91,9.42,5.53,0,0
4,0,4.79,-0.44,3.83,8.99,5.53,0,0
4,0,4.63,-0.44,3.68,8.92,5.53,0,0
4,0,4.49,-0.44,3.56,8.9,5.53,0,0
4,0,4.34,-0.44,3.44,8.96,5.53,0,0
4,0,4.21,-0.44,3.33,9.03,5.53,0,0
4,0,4.09,-0.44,3.22,8.5,5.53,0,0
4,0,3.97,-0.44,3.09,8.07,5.54,0,0
4,0,3.86,-0.44,2.97,7.56,5.54,0,0
4,0,3.74,-0.44,2.86,6.83,5.54,0,0
4,0,3.6,-0.44,2.75,6.32,5.54,0,0
4,0,3.48,-0.44,2.64,5.84,5.54,0,0
4,0,3.35,-0.44,2.55,6.17,5.54,0,0
4,0,3.22,-0.44,2.48,6.2,5.54,0,0
4,0,3.08,-0.44,2.4,6.65,5.54,0,0
4,0,2.96,-0.44,2.32,6.98,5.54,0,0
4,0,2.81,-0.44,2.24,6.9,5.54,0,0
4,0,2.67,-0.44,2.14,6,5.54,0,0
4,0,2.54,-0.44,2.03,4.68,5.54,0,0
4,0,2.42,-0.44,1.9,2.94,5.54,0,0
4,0,2.28,-0.44,1.78,1.55,5.54,0,0
4,0,2.15,-0.44,1.66,0.17,5.54,0,0
4,0,2.02,-0.44,1.55,-1.15,5.54,0,0
4,0,1.89,-0.44,1.47,-1.86,5.54,0,0
4,0,1.77,-0.44,1.39,-2.91,5.54,0,0
